stop_name,year,Borough,gtfs_longitude,gtfs_latitude,entries
1 Av,2019,Manhattan,-73.981628,40.730953,14731.638356164385
1 Av,2020,Manhattan,-73.981628,40.730953,5858.733333333334
1 Av,2021,Manhattan,-73.981628,40.730953,7164.077151335313
103 St,2019,Manhattan,-73.968379,40.799446,10356.465753424658
103 St,2019,Manhattan,-73.961454,40.796092,4135.219178082191
103 St,2019,Manhattan,-73.947478,40.7906,11133.287671232876
103 St,2020,Manhattan,-73.968379,40.799446,3826.891666666667
103 St,2020,Manhattan,-73.961454,40.796092,1516.4388888888889
103 St,2020,Manhattan,-73.947478,40.7906,4886.705555555554
103 St,2021,Manhattan,-73.968379,40.799446,4036.646884272997
103 St,2021,Manhattan,-73.961454,40.796092,1535.1899109792284
103 St,2021,Manhattan,-73.947478,40.7906,4871.219584569733
103 St - Corona Plaza,2019,Queens,-73.8627,40.749865,17618.797260273972
103 St - Corona Plaza,2020,Queens,-73.8627,40.749865,8872.355555555556
103 St - Corona Plaza,2021,Queens,-73.8627,40.749865,9834.991097922848
104 St,2019,Queens,-73.84433,40.69517800000001,2148.956164383562
104 St,2019,Queens,-73.837683,40.681711,1495.9890410958906
104 St,2020,Queens,-73.84433,40.69517800000001,1007.875
104 St,2020,Queens,-73.837683,40.681711,683.0361111111113
104 St,2021,Queens,-73.84433,40.69517800000001,1078.9881305637982
104 St,2021,Queens,-73.837683,40.681711,686.0860534124629
110 St,2019,Manhattan,-73.94425,40.79502,9158.744505494506
110 St,2020,Manhattan,-73.94425,40.79502,3863.208333333334
110 St,2021,Manhattan,-73.94425,40.79502,3939.353115727003
111 St,2019,Queens,-73.855334,40.75173,10594.741758241758
111 St,2019,Queens,-73.836345,40.697418,1613.5882352941173
111 St,2019,Queens,-73.832163,40.684331,2119.3068493150686
111 St,2020,Queens,-73.855334,40.75173,5774.25
111 St,2020,Queens,-73.836345,40.697418,841.4944444444444
111 St,2020,Queens,-73.832163,40.684331,949.4527777777777
111 St,2021,Queens,-73.855334,40.75173,5926.910979228486
111 St,2021,Queens,-73.836345,40.697418,943.1572700296737
111 St,2021,Queens,-73.832163,40.684331,940.4213649851632
116 St,2019,Manhattan,-73.954882,40.805085,6330.690410958904
116 St,2019,Manhattan,-73.949625,40.802098,9251.791780821917
116 St,2019,Manhattan,-73.94161700000002,40.798629,12649.945205479453
116 St,2020,Manhattan,-73.954882,40.805085,2364.655555555556
116 St,2020,Manhattan,-73.949625,40.802098,3690.458333333334
116 St,2020,Manhattan,-73.94161700000002,40.798629,5411.969444444445
116 St,2021,Manhattan,-73.954882,40.805085,2286.774480712166
116 St,2021,Manhattan,-73.949625,40.802098,3669.575667655786
116 St,2021,Manhattan,-73.94161700000002,40.798629,5371.498516320475
116 St - Columbia University,2019,Manhattan,-73.96410999999998,40.807722,12016.315068493152
116 St - Columbia University,2020,Manhattan,-73.96410999999998,40.807722,3318.75
116 St - Columbia University,2021,Manhattan,-73.96410999999998,40.807722,3217.4401197604793
121 St,2019,Queens,-73.828294,40.700492,1897.328767123288
121 St,2020,Queens,-73.828294,40.700492,888.5305555555556
121 St,2021,Queens,-73.828294,40.700492,1000.0771513353116
125 St,2019,Manhattan,-73.958372,40.815581,6548.471232876713
125 St,2019,Manhattan,-73.952343,40.811109,25651.471074380166
125 St,2019,Manhattan,-73.945495,40.807754,23751.20547945205
125 St,2019,Manhattan,-73.93759399999998,40.804138,23851.95616438356
125 St,2020,Manhattan,-73.958372,40.815581,2512.983333333333
125 St,2020,Manhattan,-73.952343,40.811109,10245.85
125 St,2020,Manhattan,-73.945495,40.807754,4971.055555555556
125 St,2020,Manhattan,-73.93759399999998,40.804138,9678.980555555556
125 St,2021,Manhattan,-73.958372,40.815581,2542.305637982196
125 St,2021,Manhattan,-73.952343,40.811109,9817.183976261127
125 St,2021,Manhattan,-73.945495,40.807754,4835.7418397626125
125 St,2021,Manhattan,-73.93759399999998,40.804138,9011.299703264094
135 St,2019,Manhattan,-73.947649,40.817894,4844.767123287671
135 St,2019,Manhattan,-73.94077,40.814229,11911.211699164343
135 St,2020,Manhattan,-73.947649,40.817894,1776.1361111111112
135 St,2020,Manhattan,-73.94077,40.814229,5010.15
135 St,2021,Manhattan,-73.947649,40.817894,1654.9970326409493
135 St,2021,Manhattan,-73.94077,40.814229,4771.106824925816
137 St - City College,2019,Manhattan,-73.953676,40.822008,10748.586301369865
137 St - City College,2020,Manhattan,-73.953676,40.822008,4555.997222222222
137 St - City College,2021,Manhattan,-73.953676,40.822008,4431.050445103858
138 St - Grand Concourse,2019,Bronx,-73.929849,40.813224,2884.3972602739727
138 St - Grand Concourse,2020,Bronx,-73.929849,40.813224,983.0891364902507
138 St - Grand Concourse,2021,Bronx,-73.929849,40.813224,1503.7448071216618
14 St - Union Sq,2019,Manhattan,-73.99056800000002,40.735736,87991.17534246574
145 St,2019,Manhattan,-73.95036,40.826551,8122.632876712329
145 St,2019,Manhattan,-73.944216,40.824783,20730.650969529084
145 St,2019,Manhattan,-73.936245,40.820421,2718.67397260274
145 St,2020,Manhattan,-73.95036,40.826551,3291.4972222222223
145 St,2020,Manhattan,-73.944216,40.824783,8221.072222222223
145 St,2020,Manhattan,-73.936245,40.820421,1229.8638888888886
145 St,2021,Manhattan,-73.95036,40.826551,3497.6083086053413
145 St,2021,Manhattan,-73.944216,40.824783,7800.0445103857555
145 St,2021,Manhattan,-73.936245,40.820421,1243.8011869436202
149 St - Grand Concourse,2020,Bronx,-73.927351,40.818375,4840.516666666666
149 St - Grand Concourse,2021,Bronx,-73.927351,40.818375,4401.715133531157
15 St - Prospect Park,2019,Brooklyn,-73.979493,40.66036500000001,5426.246575342466
15 St - Prospect Park,2020,Brooklyn,-73.979493,40.66036500000001,1879.3861111111112
15 St - Prospect Park,2021,Brooklyn,-73.979493,40.66036500000001,1825.7922848664691
155 St,2019,Manhattan,-73.941514,40.830518,2488.6383561643834
155 St,2019,Manhattan,-73.938209,40.830135,3137.3643835616444
155 St,2020,Manhattan,-73.941514,40.830518,985.7027777777777
155 St,2020,Manhattan,-73.938209,40.830135,1506.225
155 St,2021,Manhattan,-73.941514,40.830518,963.5875370919881
155 St,2021,Manhattan,-73.938209,40.830135,1433.994065281899
157 St,2019,Manhattan,-73.94489,40.834041,10330.986301369865
157 St,2020,Manhattan,-73.94489,40.834041,3683.6112676056337
157 St,2021,Manhattan,-73.94489,40.834041,3910.109792284866
161 St - Yankee Stadium,2019,Bronx,-73.925651,40.827905,22849.66849315069
161 St - Yankee Stadium,2020,Bronx,-73.925651,40.827905,8540.697222222223
161 St - Yankee Stadium,2021,Bronx,-73.925651,40.827905,9439.091988130564
163 St - Amsterdam Av,2019,Manhattan,-73.939892,40.836013,3830.1424657534253
163 St - Amsterdam Av,2020,Manhattan,-73.939892,40.836013,1614.8666666666666
163 St - Amsterdam Av,2021,Manhattan,-73.939892,40.836013,1535.5786350148371
167 St,2019,Bronx,-73.9214,40.835537,7305.964383561643
167 St,2019,Bronx,-73.91844,40.833771,7691.122562674094
167 St,2020,Bronx,-73.9214,40.835537,3694.294444444444
167 St,2020,Bronx,-73.91844,40.833771,3836.8777777777777
167 St,2021,Bronx,-73.9214,40.835537,3928.0860534124627
167 St,2021,Bronx,-73.91844,40.833771,3589.528189910979
168 St,2019,Manhattan,-73.939561,40.840719,17096.767123287667
168 St - Washington Hts,2020,Manhattan,-73.94013299999997,40.840556,8473.141666666666
168 St - Washington Hts,2021,Manhattan,-73.94013299999997,40.840556,8925.325373134327
169 St,2019,Queens,-73.793604,40.71047,6835.717808219179
169 St,2020,Queens,-73.793604,40.71047,2915.233333333333
169 St,2021,Queens,-73.793604,40.71047,2969.967359050445
170 St,2019,Bronx,-73.91779100000002,40.840075,6864.3534246575355
170 St,2019,Bronx,-73.9134,40.839306,5881.3369863013695
170 St,2020,Bronx,-73.91779100000002,40.840075,3361.3611111111113
170 St,2020,Bronx,-73.9134,40.839306,2691.088888888889
170 St,2021,Bronx,-73.91779100000002,40.840075,3131.658753709199
170 St,2021,Bronx,-73.9134,40.839306,2607.6557863501484
174 St,2019,Bronx,-73.887734,40.837288,5697.928767123289
174 St,2020,Bronx,-73.887734,40.837288,2550.141666666667
174 St,2021,Bronx,-73.887734,40.837288,2562.854599406528
174-175 Sts,2019,Bronx,-73.910136,40.8459,4190.860273972603
174-175 Sts,2020,Bronx,-73.910136,40.8459,2108.975
174-175 Sts,2021,Bronx,-73.910136,40.8459,2033.1246290801187
175 St,2019,Manhattan,-73.939704,40.847391,11533.449315068494
175 St,2020,Manhattan,-73.939704,40.847391,4322.875
175 St,2021,Manhattan,-73.939704,40.847391,4429.356083086052
176 St,2019,Bronx,-73.911794,40.84848,4736.07397260274
176 St,2020,Bronx,-73.911794,40.84848,2248.302777777778
176 St,2021,Bronx,-73.911794,40.84848,2243.439169139466
18 Av,2019,Brooklyn,-74.001736,40.607954,5382.849315068494
18 Av,2019,Brooklyn,-73.990414,40.620671,3266.652054794521
18 Av,2019,Brooklyn,-73.97697099999998,40.629755,3085.528767123288
18 Av,2020,Brooklyn,-74.001736,40.607954,2371.6388888888887
18 Av,2020,Brooklyn,-73.990414,40.620671,1894.7111111111112
18 Av,2020,Brooklyn,-73.97697099999998,40.629755,1391.2472222222225
18 Av,2021,Brooklyn,-74.001736,40.607954,2313.4688427299698
18 Av,2021,Brooklyn,-73.990414,40.620671,2207.237388724036
18 Av,2021,Brooklyn,-73.97697099999998,40.629755,1362.0474777448069
18 St,2019,Manhattan,-73.99787099999998,40.74104000000001,7302.928571428572
18 St,2020,Manhattan,-73.99787099999998,40.74104000000001,2061.7
18 St,2021,Manhattan,-73.99787099999998,40.74104000000001,1894.2967359050444
181 St,2019,Manhattan,-73.937969,40.851695,9381.605479452055
181 St,2019,Manhattan,-73.933596,40.849505,9740.378082191779
181 St,2020,Manhattan,-73.937969,40.851695,3532.3
181 St,2020,Manhattan,-73.933596,40.849505,4764.938235294118
181 St,2021,Manhattan,-73.937969,40.851695,4486.379821958457
181 St,2021,Manhattan,-73.933596,40.849505,276.52
182-183 Sts,2019,Bronx,-73.900741,40.856093,4189.054794520548
182-183 Sts,2020,Bronx,-73.900741,40.856093,2056.4666666666667
182-183 Sts,2021,Bronx,-73.900741,40.856093,1913.8605341246289
183 St,2019,Bronx,-73.903879,40.858407,4911.753424657534
183 St,2020,Bronx,-73.903879,40.858407,2517.811111111111
183 St,2021,Bronx,-73.903879,40.858407,2538.729970326409
190 St,2019,Manhattan,-73.93418,40.859022,4245.9586776859505
190 St,2020,Manhattan,-73.93418,40.859022,1490.3444444444447
190 St,2021,Manhattan,-73.93418,40.859022,1050.9554896142433
191 St,2019,Manhattan,-73.929412,40.855225,6429.906593406594
191 St,2020,Manhattan,-73.929412,40.855225,1156.9805555555556
191 St,2021,Manhattan,-73.929412,40.855225,3320.324404761905
2 Av,2019,Manhattan,-73.989938,40.723402,15413.413698630136
2 Av,2020,Manhattan,-73.989938,40.723402,4991.908333333334
2 Av,2021,Manhattan,-73.989938,40.723402,4766.483679525222
20 Av,2019,Brooklyn,-73.998168,40.604556,4376.495890410959
20 Av,2019,Brooklyn,-73.985026,40.61741,3146.868493150685
20 Av,2020,Brooklyn,-73.998168,40.604556,1965.4944444444445
20 Av,2020,Brooklyn,-73.985026,40.61741,1348.8416666666667
20 Av,2021,Brooklyn,-73.998168,40.604556,1874.0623145400596
20 Av,2021,Brooklyn,-73.985026,40.61741,1534.3649851632047
207 St,2019,Manhattan,-73.91882199999998,40.864621,5266.033057851239
207 St,2020,Manhattan,-73.91882199999998,40.864621,2444.338888888889
207 St,2021,Manhattan,-73.91882199999998,40.864621,2458.2916666666665
21 St,2019,Queens,-73.949724,40.744065,1489.6219178082192
21 St,2020,Queens,-73.949724,40.744065,650.4666666666667
21 St,2021,Queens,-73.949724,40.744065,663.9406528189911
21 St - Queensbridge,2019,Queens,-73.942836,40.754203,9700.594520547946
21 St - Queensbridge,2020,Queens,-73.942836,40.754203,3737.597222222222
21 St - Queensbridge,2021,Queens,-73.942836,40.754203,3594.7626112759644
215 St,2019,Manhattan,-73.915279,40.869444,1530.3616438356164
215 St,2020,Manhattan,-73.915279,40.869444,614.2881355932202
215 St,2021,Manhattan,-73.915279,40.869444,648.7946428571429
219 St,2019,Bronx,-73.862633,40.883895,2705.095890410959
219 St,2020,Bronx,-73.862633,40.883895,1230.3333333333333
219 St,2021,Bronx,-73.862633,40.883895,1192.0712166172107
225 St,2019,Bronx,-73.860341,40.888022,3307.1452054794518
225 St,2020,Bronx,-73.860341,40.888022,1494.7194444444447
225 St,2021,Bronx,-73.860341,40.888022,1513.7448071216618
23 St,2019,Manhattan,-73.998041,40.745906,20019.550684931502
23 St,2019,Manhattan,-73.995657,40.744081,12738.91506849315
23 St,2019,Manhattan,-73.99282099999998,40.74287800000001,23309.27397260274
23 St,2019,Manhattan,-73.98934399999997,40.741303,19471.94794520548
23 St,2019,Manhattan,-73.986599,40.739864,23374.02465753425
23 St,2020,Manhattan,-73.998041,40.745906,6161.1305555555555
23 St,2020,Manhattan,-73.995657,40.744081,4047.869444444445
23 St,2020,Manhattan,-73.99282099999998,40.74287800000001,8167.919444444445
23 St,2020,Manhattan,-73.98934399999997,40.741303,5396.819444444444
23 St,2020,Manhattan,-73.986599,40.739864,6893.461111111111
23 St,2021,Manhattan,-73.998041,40.745906,5980.222551928783
23 St,2021,Manhattan,-73.995657,40.744081,3768.471810089021
23 St,2021,Manhattan,-73.99282099999998,40.74287800000001,6711.504451038575
23 St,2021,Manhattan,-73.98934399999997,40.741303,4803.3353115727
23 St,2021,Manhattan,-73.986599,40.739864,5970.356083086053
231 St,2019,Bronx,-73.904834,40.878856,8067.068493150685
231 St,2020,Bronx,-73.904834,40.878856,3396.55
231 St,2021,Bronx,-73.904834,40.878856,3428.632047477745
233 St,2019,Bronx,-73.857473,40.893193,3993.783561643836
233 St,2020,Bronx,-73.857473,40.893193,1938.9388888888889
233 St,2021,Bronx,-73.857473,40.893193,2003.3798219584571
238 St,2019,Bronx,-73.90087,40.884667,3362.843835616439
238 St,2020,Bronx,-73.90087,40.884667,1547.7111111111112
238 St,2021,Bronx,-73.90087,40.884667,1523.366071428571
25 Av,2019,Brooklyn,-73.986829,40.597704,4218.032876712329
25 Av,2020,Brooklyn,-73.986829,40.597704,1729.2194444444447
25 Av,2021,Brooklyn,-73.986829,40.597704,1689.2551928783382
25 St,2019,Brooklyn,-73.998091,40.660397,3209.9342465753425
25 St,2020,Brooklyn,-73.998091,40.660397,1417.013888888889
25 St,2021,Brooklyn,-73.998091,40.660397,1486.234421364985
28 St,2019,Manhattan,-73.993365,40.747215,12364.312328767122
28 St,2019,Manhattan,-73.988691,40.745494,11031.22191780822
28 St,2019,Manhattan,-73.984264,40.74307,16130.109859154929
28 St,2020,Manhattan,-73.993365,40.747215,3562.7444444444445
28 St,2020,Manhattan,-73.988691,40.745494,3191.758333333333
28 St,2020,Manhattan,-73.984264,40.74307,5700.161111111112
28 St,2021,Manhattan,-73.993365,40.747215,3209.151335311573
28 St,2021,Manhattan,-73.988691,40.745494,2837.1127596439173
28 St,2021,Manhattan,-73.984264,40.74307,5131.430267062315
3 Av,2019,Manhattan,-73.986122,40.732849,4699.534246575343
3 Av,2020,Manhattan,-73.986122,40.732849,1991.2277777777774
3 Av,2021,Manhattan,-73.986122,40.732849,2057.7596439169142
3 Av - 138 St,2019,Bronx,-73.926138,40.810476,6965.882191780822
3 Av - 138 St,2020,Bronx,-73.926138,40.810476,3394.613888888889
3 Av - 138 St,2021,Bronx,-73.926138,40.810476,3253.925816023739
3 Av - 149 St,2019,Bronx,-73.917757,40.816109,18721.04383561644
3 Av - 149 St,2020,Bronx,-73.917757,40.816109,8493.487394957983
3 Av - 149 St,2021,Bronx,-73.917757,40.816109,8003.483679525222
30 Av,2019,Queens,-73.921479,40.766779,14387.421917808218
30 Av,2020,Queens,-73.921479,40.766779,4676.261838440111
30 Av,2021,Queens,-73.921479,40.766779,4362.688427299703
33 St,2019,Manhattan,-73.982076,40.746081,24101.698630136987
33 St,2019,Queens,-73.93099699999998,40.744587,7986.394520547946
33 St,2020,Manhattan,-73.982076,40.746081,7882.666666666668
33 St,2020,Queens,-73.93099699999998,40.744587,2598.1694444444447
33 St,2021,Manhattan,-73.982076,40.746081,7272.783382789316
33 St,2021,Queens,-73.93099699999998,40.744587,2389.0118694362022
34 St - 11 Av,2019,Manhattan,-74.00191,40.755882,16883.805479452054
34 St - 11 Av,2020,Manhattan,-74.00191,40.755882,5477.688888888889
34 St - 11 Av,2021,Manhattan,-74.00191,40.755882,5614.13353115727
34 St - Herald Sq,2019,Manhattan,-73.98782299999998,40.749719,108643.1698630137
34 St - Herald Sq,2020,Manhattan,-73.98782299999998,40.749719,33745.586111111115
34 St - Herald Sq,2021,Manhattan,-73.98782299999998,40.749719,31243.97329376855
34 St - Penn Station,2019,Manhattan,-73.993391,40.752287,114337.8493150685
34 St - Penn Station,2019,Manhattan,-73.991057,40.750373,29345.31232876712
34 St - Penn Station,2020,Manhattan,-73.993391,40.752287,21210.63333333333
34 St - Penn Station,2020,Manhattan,-73.991057,40.750373,21270.99722222222
34 St - Penn Station,2021,Manhattan,-73.993391,40.752287,20474.39169139466
34 St - Penn Station,2021,Manhattan,-73.991057,40.750373,19164.572700296736
36 Av,2019,Queens,-73.929575,40.756804,5318.273972602739
36 Av,2020,Queens,-73.929575,40.756804,2244.241666666667
36 Av,2021,Queens,-73.929575,40.756804,2157.6973293768547
36 St,2019,Brooklyn,-74.00354899999998,40.655144,11862.545205479453
36 St,2019,Queens,-73.928781,40.752039,3949.989010989011
36 St,2020,Brooklyn,-74.00354899999998,40.655144,5366.758333333333
36 St,2020,Queens,-73.928781,40.752039,1322.7694444444444
36 St,2021,Brooklyn,-74.00354899999998,40.655144,5579.658753709199
36 St,2021,Queens,-73.928781,40.752039,1189.4302670623144
39 Av,2019,Queens,-73.932755,40.752882,2291.6294117647053
39 Av,2020,Queens,-73.932755,40.752882,1019.2166666666667
39 Av,2021,Queens,-73.932755,40.752882,925.5786350148368
4 Av,2020,Brooklyn,-73.989779,40.670272,4222.747222222222
4 Av,2021,Brooklyn,-73.989779,40.670272,4203.0534124629075
40 St,2019,Queens,-73.92401600000002,40.743781,8455.575342465754
40 St,2020,Queens,-73.92401600000002,40.743781,3278.519444444445
40 St,2021,Queens,-73.92401600000002,40.743781,3403.367952522255
42 St - Bryant Pk,2020,Manhattan,-73.984569,40.754222,14246.891666666665
42 St - Bryant Pk,2021,Manhattan,-73.984569,40.754222,11974.952522255193
45 St,2019,Brooklyn,-74.010006,40.648939,6770.0438356164395
45 St,2020,Brooklyn,-74.010006,40.648939,2962.0055555555555
45 St,2021,Brooklyn,-74.010006,40.648939,3144.955489614243
46 St,2019,Queens,-73.918435,40.743132,11047.506849315068
46 St,2019,Queens,-73.913333,40.756312,7192.402739726027
46 St,2020,Queens,-73.918435,40.743132,4683.516666666666
46 St,2020,Queens,-73.913333,40.756312,2823.75
46 St,2021,Queens,-73.918435,40.743132,4950.997032640949
46 St,2021,Queens,-73.913333,40.756312,2780.813056379822
47-50 Sts - Rockefeller Ctr,2019,Manhattan,-73.981329,40.758663,51157.96164383562
47-50 Sts - Rockefeller Ctr,2020,Manhattan,-73.981329,40.758663,15346.936111111108
47-50 Sts - Rockefeller Ctr,2021,Manhattan,-73.981329,40.758663,12544.93175074184
49 St,2020,Manhattan,-73.984139,40.759901,5298.277777777777
49 St,2021,Manhattan,-73.984139,40.759901,5047.353115727004
5 Av,2019,Manhattan,-73.98196300000002,40.753821,47238.024657534246
5 Av/53 St,2019,Manhattan,-73.975224,40.760167,21143.553424657533
5 Av/53 St,2020,Manhattan,-73.975224,40.760167,5652.694444444444
5 Av/53 St,2021,Manhattan,-73.975224,40.760167,4621.575667655787
5 Av/59 St,2019,Manhattan,-73.973347,40.764811,34115.260273972606
5 Av/59 St,2020,Manhattan,-73.973347,40.764811,4404.6
5 Av/59 St,2021,Manhattan,-73.973347,40.764811,4461.614243323442
50 St,2019,Brooklyn,-73.994791,40.63626,2698.975342465753
50 St,2019,Manhattan,-73.985984,40.762456,19165.29589041096
50 St,2019,Manhattan,-73.98384899999998,40.76172800000001,22381.860273972597
50 St,2020,Brooklyn,-73.994791,40.63626,1447.8916666666669
50 St,2020,Manhattan,-73.985984,40.762456,5257.702777777778
50 St,2020,Manhattan,-73.98384899999998,40.76172800000001,5711.13888888889
50 St,2021,Brooklyn,-73.994791,40.63626,1457.112759643917
50 St,2021,Manhattan,-73.985984,40.762456,5253.86646884273
50 St,2021,Manhattan,-73.98384899999998,40.76172800000001,4739.350148367953
51 St,2019,Manhattan,-73.97192,40.757107,17554.745205479452
51 St,2020,Manhattan,-73.97192,40.757107,4745.930555555556
51 St,2021,Manhattan,-73.97192,40.757107,3925.3709198813062
52 St,2019,Queens,-73.912549,40.744149,5230.041208791209
52 St,2020,Queens,-73.912549,40.744149,2259.1916666666666
52 St,2021,Queens,-73.912549,40.744149,2381.817365269461
53 St,2019,Brooklyn,-74.014034,40.645069,7698.583561643835
53 St,2020,Brooklyn,-74.014034,40.645069,3748.175
53 St,2021,Brooklyn,-74.014034,40.645069,3749.7952522255187
55 St,2019,Brooklyn,-73.995476,40.631435,1777.1150684931506
55 St,2020,Brooklyn,-73.995476,40.631435,933.5694444444445
55 St,2021,Brooklyn,-73.995476,40.631435,916.747774480712
57 St,2019,Manhattan,-73.97745,40.763972,12500.61095890411
57 St,2020,Manhattan,-73.97745,40.763972,4013.666666666666
57 St,2021,Manhattan,-73.97745,40.763972,3548.029673590505
57 St - 7 Av,2019,Manhattan,-73.98065799999998,40.764664,30370.23561643836
57 St - 7 Av,2020,Manhattan,-73.98065799999998,40.764664,9405.855555555556
57 St - 7 Av,2021,Manhattan,-73.98065799999998,40.764664,8326.222551928784
59 St,2019,Brooklyn,-74.017881,40.641362,10079.037463976945
59 St,2020,Brooklyn,-74.017881,40.641362,4477.203342618383
59 St,2020,Manhattan,-73.967967,40.762526,26234.7
59 St,2021,Brooklyn,-74.017881,40.641362,5148.3649851632035
59 St,2021,Manhattan,-73.967967,40.762526,24421.25519287834
59 St - Columbus Circle,2019,Manhattan,-73.98192900000002,40.768247,63562.52328767122
59 St - Columbus Circle,2020,Manhattan,-73.981736,40.768296,19736.572222222218
59 St - Columbus Circle,2021,Manhattan,-73.981736,40.768296,19008.857566765582
6 Av,2019,Manhattan,-73.996786,40.737335,40647.20547945205
6 Av,2020,Manhattan,-73.996786,40.737335,13143.841666666667
6 Av,2021,Manhattan,-73.996786,40.737335,12592.456973293767
62 St,2019,Brooklyn,-73.996895,40.626472,4205.792243767313
62 St,2020,Brooklyn,-73.996895,40.626472,1984.8666666666666
62 St,2021,Brooklyn,-73.996895,40.626472,2210.8961424332338
63 Dr - Rego Park,2019,Queens,-73.861604,40.729846,13149.134246575342
63 Dr - Rego Park,2020,Queens,-73.861604,40.729846,5309.775
63 Dr - Rego Park,2021,Queens,-73.861604,40.729846,5423.572700296736
65 St,2019,Queens,-73.898453,40.749669,3032.5397260273967
65 St,2020,Queens,-73.898453,40.749669,1261.8555555555556
65 St,2021,Queens,-73.898453,40.749669,1310.860534124629
66 St - Lincoln Center,2019,Manhattan,-73.982209,40.77344,19406.167123287672
66 St - Lincoln Center,2020,Manhattan,-73.982209,40.77344,5562.5472222222215
66 St - Lincoln Center,2021,Manhattan,-73.982209,40.77344,5054.272997032641
67 Av,2019,Queens,-73.852719,40.726523,7322.715068493149
67 Av,2020,Queens,-73.852719,40.726523,2793.2111111111108
67 Av,2021,Queens,-73.852719,40.726523,2742.519287833828
68 St - Hunter College,2019,Manhattan,-73.96387,40.768141,18453.783561643835
68 St - Hunter College,2020,Manhattan,-73.96387,40.768141,6629.4333333333325
68 St - Hunter College,2021,Manhattan,-73.96387,40.768141,6500.875370919882
69 St,2019,Queens,-73.896403,40.746325,4314.052054794521
69 St,2020,Queens,-73.896403,40.746325,1990.9222222222227
69 St,2021,Queens,-73.896403,40.746325,2356.943620178041
7 Av,2019,Brooklyn,-73.980305,40.666271,10141.920547945203
7 Av,2019,Brooklyn,-73.972367,40.67705,8560.30410958904
7 Av,2019,Manhattan,-73.981637,40.762862,15272.726027397259
7 Av,2020,Brooklyn,-73.980305,40.666271,3626.013888888889
7 Av,2020,Brooklyn,-73.972367,40.67705,2761.2200557103065
7 Av,2020,Manhattan,-73.981637,40.762862,4140.76388888889
7 Av,2021,Brooklyn,-73.980305,40.666271,3601.8516320474782
7 Av,2021,Brooklyn,-73.972367,40.67705,2778.9139465875373
7 Av,2021,Manhattan,-73.981637,40.762862,3555.412462908012
71 St,2019,Brooklyn,-73.998864,40.61958900000001,4783.8410958904105
71 St,2020,Brooklyn,-73.998864,40.61958900000001,2018.1305555555555
71 St,2021,Brooklyn,-73.998864,40.61958900000001,1914.359050445104
72 St,2019,Manhattan,-73.98196999999998,40.778453000000006,34018.84931506849
72 St,2019,Manhattan,-73.97641,40.775594,7818.558904109588
72 St,2019,Manhattan,-73.958424,40.768799,26144.934246575343
72 St,2020,Manhattan,-73.98196999999998,40.778453000000006,11564.330555555556
72 St,2020,Manhattan,-73.97641,40.775594,2404.733146067416
72 St,2020,Manhattan,-73.958424,40.768799,9978.761111111113
72 St,2021,Manhattan,-73.98196999999998,40.778453000000006,11854.317507418398
72 St,2021,Manhattan,-73.97641,40.775594,2721.795252225519
72 St,2021,Manhattan,-73.958424,40.768799,9764.344213649852
74 St - Broadway,2019,Queens,-73.89139399999998,40.746848,47213.79120879121
75 Av,2019,Queens,-73.837324,40.718331,2934.8465753424653
75 Av,2020,Queens,-73.837324,40.718331,1076.825
75 Av,2021,Queens,-73.837324,40.718331,1061.7091988130564
75 St,2019,Queens,-73.867139,40.691324,2847.128767123288
75 St,2020,Queens,-73.867139,40.691324,1464.0473537604455
75 St,2021,Queens,-73.867139,40.691324,1524.2700296735904
77 St,2019,Brooklyn,-74.02551,40.629742,4660.794520547946
77 St,2019,Manhattan,-73.959874,40.77362,21549.271978021974
77 St,2020,Brooklyn,-74.02551,40.629742,1963.7
77 St,2020,Manhattan,-73.959874,40.77362,8294.480555555556
77 St,2021,Brooklyn,-74.02551,40.629742,1945.0267062314538
77 St,2021,Manhattan,-73.959874,40.77362,8850.050445103858
79 St,2019,Brooklyn,-74.00061,40.613501,5325.621917808219
79 St,2019,Manhattan,-73.979917,40.783934,13083.649315068491
79 St,2020,Brooklyn,-74.00061,40.613501,2270.306406685237
79 St,2020,Manhattan,-73.979917,40.783934,4341.780555555555
79 St,2021,Brooklyn,-74.00061,40.613501,2330.231454005935
79 St,2021,Manhattan,-73.979917,40.783934,4702.7717717717715
8 Av,2019,Brooklyn,-74.011719,40.635064,10603.714681440444
8 Av,2019,Manhattan,-74.002578,40.739777,39374.564383561636
8 Av,2020,Brooklyn,-74.011719,40.635064,3813.036827195468
8 Av,2020,Manhattan,-74.002578,40.739777,11715.6
8 Av,2021,Brooklyn,-74.011719,40.635064,4395.041543026708
8 Av,2021,Manhattan,-74.002578,40.739777,11896.038575667657
8 St - NYU,2019,Manhattan,-73.99262900000002,40.730328,14992.430136986299
8 St - NYU,2020,Manhattan,-73.99262900000002,40.730328,4104.26388888889
8 St - NYU,2021,Manhattan,-73.99262900000002,40.730328,3751.7507418397627
80 St,2019,Queens,-73.858992,40.679371,3633.5439560439563
80 St,2020,Queens,-73.858992,40.679371,1532.9805555555554
80 St,2021,Queens,-73.858992,40.679371,1527.053412462908
81 St - Museum of Natural History,2019,Manhattan,-73.972143,40.781433,12166.011019283747
81 St - Museum of Natural History,2020,Manhattan,-73.972143,40.781433,3282.280555555556
81 St - Museum of Natural History,2021,Manhattan,-73.972143,40.781433,3909.382789317508
82 St - Jackson Hts,2019,Queens,-73.883697,40.74765900000001,13525.410958904109
82 St - Jackson Hts,2020,Queens,-73.883697,40.74765900000001,6172.913888888889
82 St - Jackson Hts,2021,Queens,-73.883697,40.74765900000001,7537.501483679525
85 St - Forest Pkwy,2019,Queens,-73.86001,40.692435,2951.468493150685
85 St - Forest Pkwy,2020,Queens,-73.86001,40.692435,1539.8016759776535
85 St - Forest Pkwy,2021,Queens,-73.86001,40.692435,1539.6366366366367
86 St,2019,Brooklyn,-74.028398,40.622687,9573.3698630137
86 St,2019,Brooklyn,-73.97823000000002,40.592721,1987.3178082191778
86 St,2019,Manhattan,-73.976218,40.788644,15574.652054794518
86 St,2019,Manhattan,-73.96891600000002,40.785868,8872.901369863013
86 St,2019,Manhattan,-73.955589,40.779492,37159.16712328767
86 St,2019,Manhattan,-73.951787,40.777891,22975.68767123288
86 St,2020,Brooklyn,-74.028398,40.622687,4124.122222222222
86 St,2020,Brooklyn,-73.97823000000002,40.592721,1044.1305555555555
86 St,2020,Manhattan,-73.976218,40.788644,5405.488888888889
86 St,2020,Manhattan,-73.96891600000002,40.785868,3094.3555555555554
86 St,2020,Manhattan,-73.955589,40.779492,13379.411111111109
86 St,2020,Manhattan,-73.951787,40.777891,7721.008333333332
86 St,2021,Brooklyn,-74.028398,40.622687,4386.3738872403555
86 St,2021,Brooklyn,-73.97823000000002,40.592721,1128.2522255192878
86 St,2021,Manhattan,-73.976218,40.788644,5763.047477744807
86 St,2021,Manhattan,-73.96891600000002,40.785868,3238.6498516320476
86 St,2021,Manhattan,-73.955589,40.779492,13975.186943620178
86 St,2021,Manhattan,-73.951787,40.777891,7259.474777448071
88 St,2019,Queens,-73.85146999999998,40.679843,2381.4219178082194
88 St,2020,Queens,-73.85146999999998,40.679843,1071.5333333333333
88 St,2021,Queens,-73.85146999999998,40.679843,1045.3056379821958
9 Av,2019,Brooklyn,-73.994324,40.646292,4720.345205479453
9 Av,2020,Brooklyn,-73.994324,40.646292,2246.427777777778
9 Av,2021,Brooklyn,-73.994324,40.646292,2234.4836795252227
9 St,2019,Brooklyn,-73.988302,40.670847,10849.054794520549
90 St - Elmhurst Av,2019,Queens,-73.876613,40.74840800000001,14526.183561643835
90 St - Elmhurst Av,2020,Queens,-73.876613,40.74840800000001,7120.522222222222
90 St - Elmhurst Av,2021,Queens,-73.876613,40.74840800000001,7916.949554896142
96 St,2019,Manhattan,-73.972323,40.793919,32042.769863013702
96 St,2019,Manhattan,-73.96469599999998,40.791642,8375.74794520548
96 St,2019,Manhattan,-73.95107,40.785672,14199.846575342466
96 St,2019,Manhattan,-73.947152,40.784318,16995.915068493152
96 St,2020,Manhattan,-73.972323,40.793919,11239.119444444443
96 St,2020,Manhattan,-73.96469599999998,40.791642,3130.233333333333
96 St,2020,Manhattan,-73.95107,40.785672,5836.197222222222
96 St,2020,Manhattan,-73.947152,40.784318,6332.747222222221
96 St,2021,Manhattan,-73.972323,40.793919,11616.994065281899
96 St,2021,Manhattan,-73.96469599999998,40.791642,3183.424332344214
96 St,2021,Manhattan,-73.95107,40.785672,5895.19881305638
96 St,2021,Manhattan,-73.947152,40.784318,6035.2581602373875
Alabama Av,2019,Brooklyn,-73.89865400000002,40.676992,1806.7068493150684
Alabama Av,2020,Brooklyn,-73.89865400000002,40.676992,970.6805555555555
Alabama Av,2021,Brooklyn,-73.89865400000002,40.676992,962.66765578635
Allerton Av,2019,Bronx,-73.867352,40.865462,4470.013698630137
Allerton Av,2020,Bronx,-73.867352,40.865462,2037.7694444444446
Allerton Av,2021,Bronx,-73.867352,40.865462,2064.747774480712
Aqueduct - N Conduit Av,2019,Queens,-73.834058,40.66823400000001,748.5342465753424
Aqueduct - N Conduit Av,2020,Queens,-73.834058,40.66823400000001,310.82777777777784
Aqueduct - N Conduit Av,2021,Queens,-73.834058,40.66823400000001,315.1038575667656
Aqueduct Racetrack,2019,Queens,-73.83591899999998,40.672097,1682.8176795580112
Aqueduct Racetrack,2020,Queens,-73.83591899999998,40.672097,466.5472222222222
Aqueduct Racetrack,2021,Queens,-73.83591899999998,40.672097,605.1275964391691
Astor Pl,2019,Manhattan,-73.99107,40.730054,14750.419178082193
Astor Pl,2020,Manhattan,-73.99107,40.730054,4229.988888888889
Astor Pl,2021,Manhattan,-73.99107,40.730054,3859.124629080119
Astoria - Ditmars Blvd,2019,Queens,-73.91203399999998,40.775036,14598.753424657534
Astoria - Ditmars Blvd,2020,Queens,-73.91203399999998,40.775036,5420.066666666667
Astoria - Ditmars Blvd,2021,Queens,-73.91203399999998,40.775036,5088.949554896142
Astoria Blvd,2019,Queens,-73.917843,40.770258,7840.10752688172
Astoria Blvd,2020,Queens,-73.917843,40.770258,2791.0444444444447
Astoria Blvd,2021,Queens,-73.917843,40.770258,3390.448071216617
Atlantic Av,2019,Brooklyn,-73.903097,40.675345,1364.9095890410958
Atlantic Av,2020,Brooklyn,-73.903097,40.675345,676.5611111111111
Atlantic Av,2021,Brooklyn,-73.903097,40.675345,687.3649851632048
Atlantic Av - Barclays Ctr,2019,Brooklyn,-73.97881,40.683666,38780.20604395605
Atlantic Av - Barclays Ctr,2020,Brooklyn,-73.97881,40.683666,14714.866666666667
Atlantic Av - Barclays Ctr,2021,Brooklyn,-73.97881,40.683666,14230.353115727004
Avenue H,2019,Brooklyn,-73.961639,40.62927,2742.819178082192
Avenue H,2020,Brooklyn,-73.961639,40.62927,1090.0416666666667
Avenue H,2021,Brooklyn,-73.961639,40.62927,961.0830860534123
Avenue I,2019,Brooklyn,-73.976127,40.625322,1623.978082191781
Avenue I,2020,Brooklyn,-73.976127,40.625322,728.1888888888889
Avenue I,2021,Brooklyn,-73.976127,40.625322,714.8130563798219
Avenue J,2019,Brooklyn,-73.960803,40.625039,4924.797260273973
Avenue J,2020,Brooklyn,-73.960803,40.625039,2237.944444444445
Avenue J,2021,Brooklyn,-73.960803,40.625039,2336.8664688427302
Avenue M,2019,Brooklyn,-73.959399,40.617618,4705.465753424657
Avenue M,2020,Brooklyn,-73.959399,40.617618,2123.727777777777
Avenue M,2021,Brooklyn,-73.959399,40.617618,2270.961424332344
Avenue N,2019,Brooklyn,-73.974197,40.61514,2439.5890410958905
Avenue N,2020,Brooklyn,-73.974197,40.61514,1095.7
Avenue N,2021,Brooklyn,-73.974197,40.61514,1031.8308605341247
Avenue P,2019,Brooklyn,-73.973022,40.608944,2057.772602739726
Avenue P,2020,Brooklyn,-73.973022,40.608944,925.9222222222223
Avenue P,2021,Brooklyn,-73.973022,40.608944,862.7151335311572
Avenue U,2019,Brooklyn,-73.979137,40.597473,2889.552777777778
Avenue U,2019,Brooklyn,-73.973357,40.596063,1531.9808219178085
Avenue U,2019,Brooklyn,-73.955929,40.5993,6424.386301369863
Avenue U,2020,Brooklyn,-73.979137,40.597473,1425.908333333333
Avenue U,2020,Brooklyn,-73.973357,40.596063,694.1583333333333
Avenue U,2020,Brooklyn,-73.955929,40.5993,2741.677777777778
Avenue U,2021,Brooklyn,-73.979137,40.597473,1672.872403560831
Avenue U,2021,Brooklyn,-73.973357,40.596063,653.0919881305638
Avenue U,2021,Brooklyn,-73.955929,40.5993,2880.3501483679524
Avenue X,2019,Brooklyn,-73.97425,40.58962,2241.475138121547
Avenue X,2020,Brooklyn,-73.97425,40.58962,999.7194444444444
Avenue X,2021,Brooklyn,-73.97425,40.58962,920.7359050445103
Bay 50 St,2019,Brooklyn,-73.983765,40.588841,2299.8301369863016
Bay 50 St,2020,Brooklyn,-73.983765,40.588841,997.3833333333333
Bay 50 St,2021,Brooklyn,-73.983765,40.588841,1065.0563798219582
Bay Pkwy,2019,Brooklyn,-73.993728,40.601875,6796.690410958904
Bay Pkwy,2019,Brooklyn,-73.981848,40.611815,5731.112328767124
Bay Pkwy,2019,Brooklyn,-73.975264,40.620769,1014.6849315068494
Bay Pkwy,2020,Brooklyn,-73.993728,40.601875,3054.455555555556
Bay Pkwy,2020,Brooklyn,-73.981848,40.611815,2610.1055555555554
Bay Pkwy,2020,Brooklyn,-73.975264,40.620769,470.9666666666666
Bay Pkwy,2021,Brooklyn,-73.993728,40.601875,2982.8842729970324
Bay Pkwy,2021,Brooklyn,-73.981848,40.611815,2896.486646884273
Bay Pkwy,2021,Brooklyn,-73.975264,40.620769,468.4510385756677
Bay Ridge - 95 St,2019,Brooklyn,-74.030876,40.616622,4894.210958904109
Bay Ridge - 95 St,2020,Brooklyn,-74.030876,40.616622,2120.9083333333333
Bay Ridge - 95 St,2021,Brooklyn,-74.030876,40.616622,2001.8443113772453
Bay Ridge Av,2019,Brooklyn,-74.023377,40.634967,6525.356164383562
Bay Ridge Av,2020,Brooklyn,-74.023377,40.634967,2848.0333333333333
Bay Ridge Av,2021,Brooklyn,-74.023377,40.634967,2911.566765578635
Baychester Av,2019,Bronx,-73.83859100000002,40.878663,3059.868493150685
Baychester Av,2020,Bronx,-73.83859100000002,40.878663,1325.963888888889
Baychester Av,2021,Bronx,-73.83859100000002,40.878663,1148.1780415430267
Beach 105 St,2019,Queens,-73.827559,40.583209,250.73972602739727
Beach 105 St,2020,Queens,-73.827559,40.583209,110.58888888888887
Beach 105 St,2021,Queens,-73.827559,40.583209,95.4777448071217
Beach 25 St,2019,Queens,-73.761353,40.600066,1472.3922651933701
Beach 25 St,2020,Queens,-73.761353,40.600066,736.6666666666665
Beach 25 St,2021,Queens,-73.761353,40.600066,684.9762611275963
Beach 36 St,2019,Queens,-73.768175,40.595398,826.8109589041096
Beach 36 St,2020,Queens,-73.768175,40.595398,425.5944444444444
Beach 36 St,2021,Queens,-73.768175,40.595398,391.59347181008906
Beach 44 St,2019,Queens,-73.776013,40.592943,622.4164383561642
Beach 44 St,2020,Queens,-73.776013,40.592943,326.9611111111111
Beach 44 St,2021,Queens,-73.776013,40.592943,287.60534124629083
Beach 60 St,2019,Queens,-73.788522,40.592374,1749.0438356164386
Beach 60 St,2020,Queens,-73.788522,40.592374,894.8888888888888
Beach 60 St,2021,Queens,-73.788522,40.592374,784.9525222551929
Beach 67 St,2019,Queens,-73.796924,40.590927,2021.7616438356165
Beach 67 St,2020,Queens,-73.796924,40.590927,1048.4555555555555
Beach 67 St,2021,Queens,-73.796924,40.590927,923.8635014836797
Beach 90 St,2019,Queens,-73.813641,40.588034,979.4356164383563
Beach 90 St,2020,Queens,-73.813641,40.588034,367.88333333333327
Beach 90 St,2021,Queens,-73.813641,40.588034,348.82789317507417
Beach 98 St,2019,Queens,-73.82055799999998,40.585307,462.80547945205484
Beach 98 St,2020,Queens,-73.82055799999998,40.585307,182.62222222222226
Beach 98 St,2021,Queens,-73.82055799999998,40.585307,171.1246290801187
Bedford - Nostrand Avs,2019,Brooklyn,-73.95352199999998,40.689627,7717.950684931508
Bedford - Nostrand Avs,2020,Brooklyn,-73.95352199999998,40.689627,2928.883333333333
Bedford - Nostrand Avs,2021,Brooklyn,-73.95352199999998,40.689627,2772.896142433234
Bedford Av,2019,Brooklyn,-73.956872,40.717304,21540.701369863014
Bedford Av,2020,Brooklyn,-73.956872,40.717304,7809.136111111111
Bedford Av,2021,Brooklyn,-73.956872,40.717304,8144.2581602373875
Bedford Park Blvd,2019,Bronx,-73.88713800000002,40.873244,6073.035616438357
Bedford Park Blvd,2020,Bronx,-73.88713800000002,40.873244,2730.516666666667
Bedford Park Blvd,2021,Bronx,-73.88713800000002,40.873244,2727.145400593472
Bedford Park Blvd - Lehman College,2019,Bronx,-73.890064,40.873412,4289.323287671233
Bedford Park Blvd - Lehman College,2020,Bronx,-73.890064,40.873412,1869.9833333333331
Bedford Park Blvd - Lehman College,2021,Bronx,-73.890064,40.873412,1928.3827893175076
Bergen St,2019,Brooklyn,-73.99086199999998,40.686145,9808.197260273972
Bergen St,2019,Brooklyn,-73.975098,40.680829,3355.046575342465
Bergen St,2020,Brooklyn,-73.99086199999998,40.686145,3379.8805555555555
Bergen St,2020,Brooklyn,-73.975098,40.680829,1188.0055555555555
Bergen St,2021,Brooklyn,-73.99086199999998,40.686145,3258.089020771513
Bergen St,2021,Brooklyn,-73.975098,40.680829,1100.5281899109793
Beverley Rd,2019,Brooklyn,-73.964492,40.644031,2921.0904109589037
Beverley Rd,2020,Brooklyn,-73.964492,40.644031,1278.3166666666666
Beverley Rd,2021,Brooklyn,-73.964492,40.644031,1309.9970326409496
Beverly Rd,2019,Brooklyn,-73.948959,40.645098,3594.1424657534253
Beverly Rd,2020,Brooklyn,-73.948959,40.645098,1674.5777777777778
Beverly Rd,2021,Brooklyn,-73.948959,40.645098,1663.2433234421364
Bleecker St,2019,Manhattan,-73.994659,40.725915,33487.10136986301
Borough Hall,2019,Brooklyn,-73.989998,40.693219,28258.610958904108
Borough Hall,2020,Brooklyn,-73.989998,40.693219,9148.533333333333
Borough Hall,2021,Brooklyn,-73.989998,40.693219,8284.735905044508
Botanic Garden,2019,Brooklyn,-73.959245,40.670343,1206.0739726027398
Bowery,2019,Manhattan,-73.993915,40.72028,3712.825966850829
Bowery,2020,Manhattan,-73.993915,40.72028,1225.022222222222
Bowery,2021,Manhattan,-73.993915,40.72028,1095.4747774480709
Bowling Green,2019,Manhattan,-74.014065,40.704817,23985.452054794518
Bowling Green,2020,Manhattan,-74.014065,40.704817,6955.9222222222215
Bowling Green,2021,Manhattan,-74.014065,40.704817,6171.5281899109805
Briarwood - Van Wyck Blvd,2019,Queens,-73.820574,40.709179,4174.136986301371
Briarwood - Van Wyck Blvd,2020,Queens,-73.820574,40.709179,1715.4472222222225
Briarwood - Van Wyck Blvd,2021,Queens,-73.820574,40.709179,1754.9139465875369
Brighton Beach,2019,Brooklyn,-73.961376,40.577621,10388.6301369863
Brighton Beach,2020,Brooklyn,-73.961376,40.577621,4677.372222222222
Brighton Beach,2021,Brooklyn,-73.961376,40.577621,4658.445103857567
Broad Channel,2019,Queens,-73.815925,40.608382,264.6164383561644
Broad Channel,2020,Queens,-73.815925,40.608382,107.54722222222222
Broad Channel,2021,Queens,-73.815925,40.608382,106.75370919881306
Broad St,2019,Manhattan,-74.01105600000002,40.706476,6116.339726027398
Broad St,2020,Manhattan,-74.01105600000002,40.706476,1960.911111111111
Broad St,2021,Manhattan,-74.01105600000002,40.706476,1569.0919881305635
Broadway,2019,Brooklyn,-73.95030799999998,40.706092,4184.857534246576
Broadway,2019,Queens,-73.925508,40.76182,8857.816860465116
Broadway,2020,Brooklyn,-73.95030799999998,40.706092,2023.9416666666666
Broadway,2020,Queens,-73.925508,40.76182,3826.6722222222224
Broadway,2021,Brooklyn,-73.95030799999998,40.706092,1939.961424332344
Broadway,2021,Queens,-73.925508,40.76182,3851.1780415430267
Broadway Jct,2019,Brooklyn,-73.905316,40.678334,8009.838356164383
Broadway Jct,2020,Brooklyn,-73.90324,40.678856,3751.275
Broadway Jct,2021,Brooklyn,-73.90324,40.678856,3436.6023738872404
Broadway-Lafayette St,2020,Manhattan,-73.996204,40.725297,10255.113888888887
Broadway-Lafayette St,2021,Manhattan,-73.996204,40.725297,9551.833827893177
Bronx Park East,2019,Bronx,-73.86845699999998,40.84882800000001,2131.2
Bronx Park East,2020,Bronx,-73.86845699999998,40.84882800000001,945.2166666666667
Bronx Park East,2021,Bronx,-73.86845699999998,40.84882800000001,991.7032640949554
Brook Av,2019,Bronx,-73.91924,40.807566,5064.7479452054795
Brook Av,2020,Bronx,-73.91924,40.807566,2544.9194444444447
Brook Av,2021,Bronx,-73.91924,40.807566,2478.86350148368
Brooklyn Bridge - City Hall,2019,Manhattan,-74.004131,40.713065,24838.298630136982
Buhre Av,2019,Bronx,-73.83256899999998,40.84681,3178.9150684931506
Buhre Av,2020,Bronx,-73.83256899999998,40.84681,1393.2944444444445
Buhre Av,2021,Bronx,-73.83256899999998,40.84681,1382.2373887240356
Burke Av,2019,Bronx,-73.867164,40.871356,2775.230136986301
Burke Av,2020,Bronx,-73.867164,40.871356,1286.825
Burke Av,2021,Bronx,-73.867164,40.871356,1294.062314540059
Burnside Av,2019,Bronx,-73.907684,40.853453,8643.241095890411
Burnside Av,2020,Bronx,-73.907684,40.853453,3932.016666666667
Burnside Av,2021,Bronx,-73.907684,40.853453,3932.9465875370925
Bushwick Av - Aberdeen St,2019,Brooklyn,-73.905249,40.682829,1670.7753424657535
Bushwick Av - Aberdeen St,2020,Brooklyn,-73.905249,40.682829,814.9472222222223
Bushwick Av - Aberdeen St,2021,Brooklyn,-73.905249,40.682829,893.3501483679526
Canal St,2019,Manhattan,-74.006277,40.722854,5479.556164383562
Canal St,2019,Manhattan,-74.005229,40.720824,17628.32328767123
Canal St,2019,Manhattan,-74.00019300000002,40.718803,47919.89589041097
Canal St,2020,Manhattan,-74.006277,40.722854,1451.2583333333334
Canal St,2020,Manhattan,-74.005229,40.720824,5109.883333333333
Canal St,2020,Manhattan,-73.999892,40.718092,12728.636111111111
Canal St,2021,Manhattan,-74.006277,40.722854,1245.2640949554896
Canal St,2021,Manhattan,-74.005229,40.720824,4480.240356083086
Canal St,2021,Manhattan,-73.999892,40.718092,13031.780415430268
Canarsie - Rockaway Pkwy,2019,Brooklyn,-73.90185,40.646654,9325.815934065937
Canarsie - Rockaway Pkwy,2020,Brooklyn,-73.90185,40.646654,3749.643059490085
Canarsie - Rockaway Pkwy,2021,Brooklyn,-73.90185,40.646654,2769.878338278932
Carroll St,2019,Brooklyn,-73.995048,40.680303,9928.556164383559
Carroll St,2020,Brooklyn,-73.995048,40.680303,3435.983333333333
Carroll St,2021,Brooklyn,-73.995048,40.680303,3350.1335311572698
Castle Hill Av,2019,Bronx,-73.85122199999998,40.834255,5436.723287671233
Castle Hill Av,2020,Bronx,-73.85122199999998,40.834255,2546.272222222223
Castle Hill Av,2021,Bronx,-73.85122199999998,40.834255,2503.7062314540062
Cathedral Pkwy,2019,Manhattan,-73.966847,40.803967,10168.654794520548
Cathedral Pkwy,2020,Manhattan,-73.966847,40.803967,3656.575
Cathedral Pkwy,2021,Manhattan,-73.966847,40.803967,3807.338278931751
Cathedral Pkwy (110 St),2019,Manhattan,-73.958161,40.800603,6601.027397260274
Cathedral Pkwy (110 St),2020,Manhattan,-73.958161,40.800603,2410.3444444444444
Cathedral Pkwy (110 St),2021,Manhattan,-73.958161,40.800603,2472.59940652819
Central Av,2019,Brooklyn,-73.927397,40.697857,4083.292817679558
Central Av,2020,Brooklyn,-73.927397,40.697857,1610.3694444444445
Central Av,2021,Brooklyn,-73.927397,40.697857,1231.5400593471809
Central Park North (110 St),2019,Manhattan,-73.95182199999998,40.799075,7353.6
Central Park North (110 St),2020,Manhattan,-73.95182199999998,40.799075,2802.933333333333
Central Park North (110 St),2021,Manhattan,-73.95182199999998,40.799075,2675.0801186943618
Chambers St,2019,Manhattan,-74.009266,40.715478,16394.301369863013
Chambers St,2020,Manhattan,-74.009266,40.715478,4667.48611111111
Chambers St,2020,Manhattan,-74.003401,40.713243,7227.275
Chambers St,2021,Manhattan,-74.009266,40.715478,4067.4658753709205
Chambers St,2021,Manhattan,-74.003401,40.713243,6805.376854599405
Chauncey St,2019,Brooklyn,-73.91045600000002,40.682893,2998.956164383562
Chauncey St,2020,Brooklyn,-73.91045600000002,40.682893,1344.7555555555555
Chauncey St,2021,Brooklyn,-73.91045600000002,40.682893,1188.5133531157269
Christopher St - Sheridan Sq,2019,Manhattan,-74.00290600000002,40.733422,9407.65205479452
Christopher St - Sheridan Sq,2020,Manhattan,-74.00290600000002,40.733422,2710.2
Christopher St - Sheridan Sq,2021,Manhattan,-74.00290600000002,40.733422,2940.0267062314538
Church Av,2019,Brooklyn,-73.979678,40.644041,8577.123287671233
Church Av,2019,Brooklyn,-73.962982,40.650527,13996.882191780824
Church Av,2019,Brooklyn,-73.949575,40.650843,8003.4684931506845
Church Av,2020,Brooklyn,-73.979678,40.644041,3938.808333333333
Church Av,2020,Brooklyn,-73.962982,40.650527,5989.735376044569
Church Av,2020,Brooklyn,-73.949575,40.650843,3713.525
Church Av,2021,Brooklyn,-73.979678,40.644041,3900.094955489614
Church Av,2021,Brooklyn,-73.962982,40.650527,6119.0059347181
Church Av,2021,Brooklyn,-73.949575,40.650843,3737.3501483679524
City Hall,2020,Manhattan,-74.006978,40.713282,1473.5638888888889
City Hall,2021,Manhattan,-74.006978,40.713282,1368.2047477744807
Clark St,2019,Brooklyn,-73.993086,40.697466,4955.013698630137
Clark St,2020,Brooklyn,-73.993086,40.697466,1595.5166666666669
Clark St,2021,Brooklyn,-73.993086,40.697466,1510.86646884273
Classon Av,2019,Brooklyn,-73.96007,40.688873,4769.1589041095895
Classon Av,2020,Brooklyn,-73.96007,40.688873,1843.2
Classon Av,2021,Brooklyn,-73.96007,40.688873,1783.448071216617
Cleveland St,2019,Brooklyn,-73.884639,40.679947,2460.8873626373625
Cleveland St,2020,Brooklyn,-73.884639,40.679947,1209.9444444444443
Cleveland St,2021,Brooklyn,-73.884639,40.679947,1097.26706231454
Clinton - Washington Avs,2019,Brooklyn,-73.96683900000002,40.688089,4455.342465753424
Clinton - Washington Avs,2019,Brooklyn,-73.965838,40.683263,5906.726027397261
Clinton - Washington Avs,2020,Brooklyn,-73.96683900000002,40.688089,1586.7972222222222
Clinton - Washington Avs,2020,Brooklyn,-73.965838,40.683263,1938.9333333333332
Clinton - Washington Avs,2021,Brooklyn,-73.96683900000002,40.688089,1577.7715133531158
Clinton - Washington Avs,2021,Brooklyn,-73.965838,40.683263,1773.7744807121662
Coney Island - Stillwell Av,2019,Brooklyn,-73.98123299999997,40.577422,13045.86301369863
Coney Island - Stillwell Av,2020,Brooklyn,-73.98123299999997,40.577422,5472.741666666667
Coney Island - Stillwell Av,2021,Brooklyn,-73.98123299999997,40.577422,5973.27002967359
Cortelyou Rd,2019,Brooklyn,-73.963891,40.64092700000001,5437.1890410958895
Cortelyou Rd,2020,Brooklyn,-73.963891,40.64092700000001,2318.008333333333
Cortelyou Rd,2021,Brooklyn,-73.963891,40.64092700000001,2339.376854599407
Cortlandt St,2020,Manhattan,-74.01102900000002,40.710668,15812.513888888889
Cortlandt St,2021,Manhattan,-74.01102900000002,40.710668,13407.943620178039
Court Sq,2019,Queens,-73.943832,40.746554,19430.21095890411
Court Sq,2020,Queens,-73.945264,40.747023,6419.241666666668
Court Sq,2021,Queens,-73.945264,40.747023,5754.884272997033
Crescent St,2019,Brooklyn,-73.873785,40.683194,3858.808219178082
Crescent St,2020,Brooklyn,-73.873785,40.683194,1880.9916666666666
Crescent St,2021,Brooklyn,-73.873785,40.683194,1843.3293768545996
Crown Hts - Utica Av,2019,Brooklyn,-73.93294200000003,40.668897,22179.161643835614
Crown Hts - Utica Av,2020,Brooklyn,-73.93294200000003,40.668897,10204.961111111112
Crown Hts - Utica Av,2021,Brooklyn,-73.93294200000003,40.668897,9649.830860534124
Cypress Av,2019,Bronx,-73.91404200000002,40.805368,2914.1863013698635
Cypress Av,2020,Bronx,-73.91404200000002,40.805368,1374.8111111111111
Cypress Av,2021,Bronx,-73.91404200000002,40.805368,1275.0415430267062
Cypress Hills,2019,Brooklyn,-73.87255,40.689941,1172.33698630137
Cypress Hills,2020,Brooklyn,-73.87255,40.689941,623.6611111111113
Cypress Hills,2021,Brooklyn,-73.87255,40.689941,614.0623145400593
DeKalb Av,2019,Brooklyn,-73.981824,40.690635,18631.39726027397
DeKalb Av,2019,Brooklyn,-73.918425,40.703811,9139.8864265928
DeKalb Av,2020,Brooklyn,-73.981824,40.690635,6747.663888888889
DeKalb Av,2020,Brooklyn,-73.918425,40.703811,4152.547222222222
DeKalb Av,2021,Brooklyn,-73.981824,40.690635,6158.017804154303
DeKalb Av,2021,Brooklyn,-73.918425,40.703811,4442.077151335312
Delancey St,2019,Manhattan,-73.988114,40.718611,24418.536986301366
Delancey St,2020,Manhattan,-73.988114,40.718611,9139.505555555555
Delancey St,2021,Manhattan,-73.988114,40.718611,8679.216617210684
Ditmas Av,2019,Brooklyn,-73.978172,40.636119,3267.093663911846
Ditmas Av,2020,Brooklyn,-73.978172,40.636119,1476.0388888888888
Ditmas Av,2021,Brooklyn,-73.978172,40.636119,1462.5845697329376
Dyckman St,2019,Manhattan,-73.92727099999998,40.865491,6176.317808219179
Dyckman St,2019,Manhattan,-73.925536,40.860531,5744.145205479452
Dyckman St,2020,Manhattan,-73.92727099999998,40.865491,2489.4222222222224
Dyckman St,2020,Manhattan,-73.925536,40.860531,2783.6277777777777
Dyckman St,2021,Manhattan,-73.92727099999998,40.865491,2459.9881305637978
Dyckman St,2021,Manhattan,-73.925536,40.860531,2704.3293768546
E 105 St,2019,Brooklyn,-73.899485,40.650573,2843.870523415978
E 105 St,2020,Brooklyn,-73.899485,40.650573,1338.9361111111114
E 105 St,2021,Brooklyn,-73.899485,40.650573,1149.40059347181
E 143 St - St Mary's St,2019,Bronx,-73.907657,40.808719,882.7095890410959
E 143 St - St Mary's St,2020,Bronx,-73.907657,40.808719,466.10277777777776
E 143 St - St Mary's St,2021,Bronx,-73.907657,40.808719,485.9020771513352
E 149 St,2019,Bronx,-73.904098,40.812118,4077.317808219178
E 149 St,2020,Bronx,-73.904098,40.812118,2126.61797752809
E 149 St,2021,Bronx,-73.904098,40.812118,1995.9228486646884
E 180 St,2019,Bronx,-73.873488,40.841894,6262.556164383562
E 180 St,2020,Bronx,-73.873488,40.841894,3180.9861111111113
E 180 St,2021,Bronx,-73.873488,40.841894,3015.727002967359
East Broadway,2019,Manhattan,-73.990173,40.713715,12280.076712328768
East Broadway,2020,Manhattan,-73.990173,40.713715,4428.252777777778
East Broadway,2021,Manhattan,-73.990173,40.713715,4308.619047619048
Eastchester - Dyre Av,2019,Bronx,-73.830834,40.8883,3848.0388888888892
Eastchester - Dyre Av,2020,Bronx,-73.830834,40.8883,1794.1777777777775
Eastchester - Dyre Av,2021,Bronx,-73.830834,40.8883,1698.887240356083
Eastern Pkwy - Brooklyn Museum,2019,Brooklyn,-73.964375,40.671987,3703.506849315069
Eastern Pkwy - Brooklyn Museum,2020,Brooklyn,-73.964375,40.671987,1232.1699164345405
Eastern Pkwy - Brooklyn Museum,2021,Brooklyn,-73.964375,40.671987,1394.3086053412464
Elder Av,2019,Bronx,-73.879159,40.828584,5507.249315068492
Elder Av,2020,Bronx,-73.879159,40.828584,2800.738888888889
Elder Av,2021,Bronx,-73.879159,40.828584,2757.445103857567
Elmhurst Av,2019,Queens,-73.882017,40.742454,10658.97808219178
Elmhurst Av,2020,Queens,-73.882017,40.742454,4586.130555555556
Elmhurst Av,2021,Queens,-73.882017,40.742454,4815.700296735905
Euclid Av,2019,Brooklyn,-73.872106,40.67537700000001,9168.419178082193
Euclid Av,2020,Brooklyn,-73.872106,40.67537700000001,4351.741666666667
Euclid Av,2021,Brooklyn,-73.872106,40.67537700000001,3874.275964391692
Far Rockaway - Mott Av,2019,Queens,-73.75540500000002,40.603995,3762.490410958904
Far Rockaway - Mott Av,2020,Queens,-73.75540500000002,40.603995,1999.647222222222
Far Rockaway - Mott Av,2021,Queens,-73.75540500000002,40.603995,1819.341246290801
Flatbush Av - Brooklyn College,2019,Brooklyn,-73.947642,40.632836,16130.367123287671
Flatbush Av - Brooklyn College,2020,Brooklyn,-73.947642,40.632836,6878.886111111111
Flatbush Av - Brooklyn College,2021,Brooklyn,-73.947642,40.632836,6541.8991097922835
Flushing - Main St,2019,Queens,-73.83003000000002,40.7596,48871.901369863015
Flushing - Main St,2020,Queens,-73.83003000000002,40.7596,19171.147222222226
Flushing - Main St,2021,Queens,-73.83003000000002,40.7596,22445.240356083086
Flushing Av,2019,Brooklyn,-73.950234,40.700377,2025.849315068493
Flushing Av,2019,Brooklyn,-73.941126,40.70026,7696.846575342466
Flushing Av,2020,Brooklyn,-73.950234,40.700377,1105.286111111111
Flushing Av,2020,Brooklyn,-73.941126,40.70026,3474.983098591549
Flushing Av,2021,Brooklyn,-73.950234,40.700377,1280.1572700296736
Flushing Av,2021,Brooklyn,-73.941126,40.70026,3159.750741839763
Fordham Rd,2019,Bronx,-73.901034,40.862803,8620.813698630138
Fordham Rd,2019,Bronx,-73.897749,40.861296,10193.950684931508
Fordham Rd,2020,Bronx,-73.901034,40.862803,4185.002777777778
Fordham Rd,2020,Bronx,-73.897749,40.861296,4652.922222222222
Fordham Rd,2021,Bronx,-73.901034,40.862803,4390.359050445104
Fordham Rd,2021,Bronx,-73.897749,40.861296,4372.1899109792275
Forest Av,2019,Queens,-73.903077,40.704423,3623.339726027397
Forest Av,2020,Queens,-73.903077,40.704423,1691.225
Forest Av,2021,Queens,-73.903077,40.704423,1589.2225519287833
Forest Hills - 71 Av,2019,Queens,-73.844521,40.721691,22476.37260273972
Forest Hills - 71 Av,2020,Queens,-73.844521,40.721691,8769.066666666668
Forest Hills - 71 Av,2021,Queens,-73.844521,40.721691,8871.468842729972
Fort Hamilton Pkwy,2019,Brooklyn,-74.005351,40.631386,3775.223140495868
Fort Hamilton Pkwy,2019,Brooklyn,-73.994304,40.640914,3337.4657534246576
Fort Hamilton Pkwy,2019,Brooklyn,-73.975776,40.650782,4956.5068493150675
Fort Hamilton Pkwy,2020,Brooklyn,-74.005351,40.631386,2154.225
Fort Hamilton Pkwy,2020,Brooklyn,-73.994304,40.640914,1707.161111111111
Fort Hamilton Pkwy,2020,Brooklyn,-73.975776,40.650782,1734.925
Fort Hamilton Pkwy,2021,Brooklyn,-74.005351,40.631386,2376.439169139466
Fort Hamilton Pkwy,2021,Brooklyn,-73.994304,40.640914,1770.181008902077
Fort Hamilton Pkwy,2021,Brooklyn,-73.975776,40.650782,1809.2017804154307
Franklin Av,2019,Brooklyn,-73.956848,40.68138,18195.912328767125
Franklin Av,2020,Brooklyn,-73.95813100000002,40.670682,443.0777777777778
Franklin Av,2020,Brooklyn,-73.955827,40.680596,6766.9944444444445
Franklin Av,2021,Brooklyn,-73.95813100000002,40.670682,480.8160237388724
Franklin Av,2021,Brooklyn,-73.955827,40.680596,6151.002967359052
Franklin St,2019,Manhattan,-74.006886,40.719318,4352.67397260274
Franklin St,2020,Manhattan,-74.006886,40.719318,1305.2222222222224
Franklin St,2021,Manhattan,-74.006886,40.719318,1209.581602373887
Freeman St,2019,Bronx,-73.891865,40.829993,3777.6630136986296
Freeman St,2020,Bronx,-73.891865,40.829993,1726.3722222222225
Freeman St,2021,Bronx,-73.891865,40.829993,1760.0890207715133
Fresh Pond Rd,2019,Queens,-73.895877,40.706186,4961.2602739726035
Fresh Pond Rd,2020,Queens,-73.895877,40.706186,2356.602777777777
Fresh Pond Rd,2021,Queens,-73.895877,40.706186,2193.2492581602373
Fulton St,2019,Brooklyn,-73.975375,40.687119,4909.249315068493
Fulton St,2019,Manhattan,-74.00769100000002,40.710197,75139.4712328767
Fulton St,2020,Brooklyn,-73.975375,40.687119,2059.144444444445
Fulton St,2020,Manhattan,-74.006571,40.709416,22818.725
Fulton St,2021,Brooklyn,-73.975375,40.687119,2023.2611275964389
Fulton St,2021,Manhattan,-74.006571,40.709416,19693.02670623145
Gates Av,2019,Brooklyn,-73.92227,40.68963,6255.364383561644
Gates Av,2020,Brooklyn,-73.92227,40.68963,2620.6583333333333
Gates Av,2021,Brooklyn,-73.92227,40.68963,2373.771513353116
Graham Av,2019,Brooklyn,-73.944053,40.714565,7448.131506849315
Graham Av,2020,Brooklyn,-73.944053,40.714565,2786.330555555556
Graham Av,2021,Brooklyn,-73.944053,40.714565,2850.706231454006
Grand Army Plaza,2019,Brooklyn,-73.971046,40.675235,6322.7643835616445
Grand Army Plaza,2020,Brooklyn,-73.971046,40.675235,2201.6666666666665
Grand Army Plaza,2021,Brooklyn,-73.971046,40.675235,2127.8753709198813
Grand Av - Newtown,2019,Queens,-73.877223,40.737015,15795.887671232877
Grand Av - Newtown,2020,Queens,-73.877223,40.737015,6465.230555555556
Grand Av - Newtown,2021,Queens,-73.877223,40.737015,6817.569732937685
Grand Central - 42 St,2019,Manhattan,-73.97604100000002,40.751431,123799.40273972602
Grand Central - 42 St,2020,Manhattan,-73.97604100000002,40.751431,33851.563888888886
Grand Central - 42 St,2021,Manhattan,-73.97604100000002,40.751431,28494.41543026706
Grand St,2019,Brooklyn,-73.94067,40.711926,5175.8410958904105
Grand St,2019,Manhattan,-73.993753,40.718267,22064.928767123292
Grand St,2020,Brooklyn,-73.94067,40.711926,2223.208333333333
Grand St,2020,Manhattan,-73.993753,40.718267,7900.3277777777785
Grand St,2021,Brooklyn,-73.94067,40.711926,2417.661721068249
Grand St,2021,Manhattan,-73.993753,40.718267,8283.922848664688
Grant Av,2019,Brooklyn,-73.86505,40.677044,4933.2602739726035
Grant Av,2020,Brooklyn,-73.86505,40.677044,2273.822222222222
Grant Av,2021,Brooklyn,-73.86505,40.677044,2075.258160237389
Greenpoint Av,2019,Brooklyn,-73.954449,40.731352,8514.230136986302
Greenpoint Av,2020,Brooklyn,-73.954449,40.731352,3559.1583333333333
Greenpoint Av,2021,Brooklyn,-73.954449,40.731352,3422.658753709199
Gun Hill Rd,2019,Bronx,-73.866256,40.87785,6305.572602739727
Gun Hill Rd,2019,Bronx,-73.846384,40.869526,3495.6575342465753
Gun Hill Rd,2020,Bronx,-73.866256,40.87785,2751.8416666666667
Gun Hill Rd,2020,Bronx,-73.846384,40.869526,1256.797752808989
Gun Hill Rd,2021,Bronx,-73.866256,40.87785,2739.1869436201778
Gun Hill Rd,2021,Bronx,-73.846384,40.869526,1796.2640949554896
Halsey St,2019,Brooklyn,-73.91655899999998,40.68637,5857.161643835617
Halsey St,2019,Queens,-73.904084,40.695602,6046.799450549451
Halsey St,2020,Brooklyn,-73.91655899999998,40.68637,2361.338888888889
Halsey St,2020,Queens,-73.904084,40.695602,2728.761111111111
Halsey St,2021,Brooklyn,-73.91655899999998,40.68637,2033.4362017804156
Halsey St,2021,Queens,-73.904084,40.695602,2764.578635014837
Harlem - 148 St,2019,Manhattan,-73.93647,40.82388,3154.1178082191777
Harlem - 148 St,2020,Manhattan,-73.93647,40.82388,1329.036111111111
Harlem - 148 St,2021,Manhattan,-73.93647,40.82388,1283.427299703264
Hewes St,2019,Brooklyn,-73.95343100000002,40.70687,3085.8630136986303
Hewes St,2020,Brooklyn,-73.95343100000002,40.70687,1290.611111111111
Hewes St,2021,Brooklyn,-73.95343100000002,40.70687,1084.089020771513
High St,2019,Brooklyn,-73.990531,40.699337,9785.608219178082
High St,2020,Brooklyn,-73.990531,40.699337,2760.1888888888893
High St,2021,Brooklyn,-73.990531,40.699337,2792.6409495548965
Houston St,2019,Manhattan,-74.005367,40.728251,12366.375342465752
Houston St,2020,Manhattan,-74.005367,40.728251,3560.675
Houston St,2021,Manhattan,-74.005367,40.728251,2980.7210682492578
Howard Beach - JFK Airport,2019,Queens,-73.830301,40.660476,4076.950684931506
Howard Beach - JFK Airport,2020,Queens,-73.830301,40.660476,685.1611111111113
Howard Beach - JFK Airport,2021,Queens,-73.830301,40.660476,772.8813056379822
Hoyt - Schermerhorn Sts,2019,Brooklyn,-73.985001,40.688484,10119.97808219178
Hoyt - Schermerhorn Sts,2020,Brooklyn,-73.985001,40.688484,3868.441666666666
Hoyt - Schermerhorn Sts,2021,Brooklyn,-73.985001,40.688484,3590.8278931750738
Hoyt St,2019,Brooklyn,-73.985065,40.690545,6444.852054794522
Hoyt St,2020,Brooklyn,-73.985065,40.690545,2458.030555555556
Hoyt St,2021,Brooklyn,-73.985065,40.690545,2408.9881305637978
Hunters Point Av,2019,Queens,-73.948916,40.742216,5240.731506849315
Hunters Point Av,2020,Queens,-73.948916,40.742216,1943.1694444444445
Hunters Point Av,2021,Queens,-73.948916,40.742216,1615.0267062314538
Hunts Point Av,2019,Bronx,-73.890549,40.820948,8823.224657534247
Hunts Point Av,2020,Bronx,-73.890549,40.820948,4420.697222222222
Hunts Point Av,2021,Bronx,-73.890549,40.820948,4183.1899109792275
Intervale Av,2019,Bronx,-73.896736,40.822181,2686.93698630137
Intervale Av,2020,Bronx,-73.896736,40.822181,1271.4361111111114
Intervale Av,2021,Bronx,-73.896736,40.822181,1316.679525222552
Inwood - 207 St,2019,Manhattan,-73.919899,40.868072,8908.531506849315
Inwood - 207 St,2020,Manhattan,-73.919899,40.868072,3590.0944444444444
Inwood - 207 St,2021,Manhattan,-73.919899,40.868072,3560.848664688427
Jackson Av,2019,Bronx,-73.90780699999998,40.81649,4383.619178082192
Jackson Av,2020,Bronx,-73.90780699999998,40.81649,1964.3694444444445
Jackson Av,2021,Bronx,-73.90780699999998,40.81649,1933.2284866468838
Jackson Hts - Roosevelt Av,2020,Queens,-73.891338,40.746644,20239.977777777774
Jackson Hts - Roosevelt Av,2021,Queens,-73.891338,40.746644,21992.857566765582
Jamaica - 179 St,2019,Queens,-73.783817,40.712646,17569.846575342464
Jamaica - 179 St,2020,Queens,-73.783817,40.712646,7716.488888888889
Jamaica - 179 St,2021,Queens,-73.783817,40.712646,7689.676557863501
Jamaica - Van Wyck,2019,Queens,-73.816859,40.702566,3908.6383561643843
Jamaica - Van Wyck,2020,Queens,-73.816859,40.702566,2223.1727019498608
Jamaica - Van Wyck,2021,Queens,-73.816859,40.702566,1866.0890207715133
Jamaica Center - Parsons/Archer,2019,Queens,-73.801109,40.702147,39786.027397260266
Jamaica Center - Parsons/Archer,2020,Queens,-73.801109,40.702147,12317.872222222222
Jamaica Center - Parsons/Archer,2021,Queens,-73.801109,40.702147,12313.54005934718
Jay St - MetroTech,2019,Brooklyn,-73.987342,40.692338,34495.624657534245
Jay St - MetroTech,2020,Brooklyn,-73.987342,40.692338,11190.930555555557
Jay St - MetroTech,2021,Brooklyn,-73.987342,40.692338,9886.786350148368
Jefferson St,2019,Brooklyn,-73.922913,40.706607,6158.317808219179
Jefferson St,2020,Brooklyn,-73.922913,40.706607,2452.725
Jefferson St,2021,Brooklyn,-73.922913,40.706607,2562.2818991097924
Junction Blvd,2019,Queens,-73.869527,40.749145,18922.38904109589
Junction Blvd,2020,Queens,-73.869527,40.749145,9671.958333333334
Junction Blvd,2021,Queens,-73.869527,40.749145,11107.916913946587
Junius St,2019,Brooklyn,-73.902447,40.663515,1897.0986301369865
Junius St,2020,Brooklyn,-73.902447,40.663515,971.8194444444445
Junius St,2021,Brooklyn,-73.902447,40.663515,893.166172106825
Kew Gardens - Union Tpke,2019,Queens,-73.831008,40.714441,21262.88493150685
Kew Gardens - Union Tpke,2020,Queens,-73.831008,40.714441,8480.694444444445
Kew Gardens - Union Tpke,2021,Queens,-73.831008,40.714441,8546.388724035609
Kings Hwy,2019,Brooklyn,-73.98035300000002,40.603923,3831.876712328767
Kings Hwy,2019,Brooklyn,-73.97236099999998,40.603217,3122.446575342465
Kings Hwy,2019,Brooklyn,-73.957734,40.60867,16458.931506849316
Kings Hwy,2020,Brooklyn,-73.98035300000002,40.603923,1963.625
Kings Hwy,2020,Brooklyn,-73.97236099999998,40.603217,1364.3805555555555
Kings Hwy,2020,Brooklyn,-73.957734,40.60867,7170.411111111112
Kings Hwy,2021,Brooklyn,-73.98035300000002,40.603923,2228.632047477745
Kings Hwy,2021,Brooklyn,-73.97236099999998,40.603217,1235.9169139465876
Kings Hwy,2021,Brooklyn,-73.957734,40.60867,7524.46587537092
Kingsbridge Rd,2019,Bronx,-73.89717399999998,40.86776,7560.332417582417
Kingsbridge Rd,2019,Bronx,-73.893509,40.866978,6859.1589041095895
Kingsbridge Rd,2020,Bronx,-73.89717399999998,40.86776,3566.141666666667
Kingsbridge Rd,2020,Bronx,-73.893509,40.866978,3210.7027777777776
Kingsbridge Rd,2021,Bronx,-73.89717399999998,40.86776,3521.169139465876
Kingsbridge Rd,2021,Bronx,-73.893509,40.866978,2787.682492581602
Kingston - Throop Avs,2019,Brooklyn,-73.94085799999998,40.679921,5713.1890410958895
Kingston - Throop Avs,2020,Brooklyn,-73.94085799999998,40.679921,2133.475
Kingston - Throop Avs,2021,Brooklyn,-73.94085799999998,40.679921,1944.272997032641
Kingston Av,2019,Brooklyn,-73.942161,40.669399,4079.956164383562
Kingston Av,2020,Brooklyn,-73.942161,40.669399,1687.8444444444447
Kingston Av,2021,Brooklyn,-73.942161,40.669399,1668.7566765578636
Knickerbocker Av,2019,Brooklyn,-73.91971099999998,40.698664,4254.711538461538
Knickerbocker Av,2020,Brooklyn,-73.91971099999998,40.698664,1804.55
Knickerbocker Av,2021,Brooklyn,-73.91971099999998,40.698664,1467.0741839762609
Kosciuszko St,2019,Brooklyn,-73.928814,40.693342,4954.964383561643
Kosciuszko St,2020,Brooklyn,-73.928814,40.693342,1993.2527777777775
Kosciuszko St,2021,Brooklyn,-73.928814,40.693342,1811.8813056379825
Lafayette Av,2019,Brooklyn,-73.973946,40.686113,4456.861878453039
Lafayette Av,2020,Brooklyn,-73.973946,40.686113,1653.083333333333
Lafayette Av,2021,Brooklyn,-73.973946,40.686113,1557.213649851632
Lexington Av/59 St,2019,Manhattan,-73.967258,40.76266,80685.82191780822
Lexington Av/63 St,2019,Manhattan,-73.966113,40.764629,18126.136986301368
Lexington Av/63 St,2020,Manhattan,-73.966113,40.764629,6544.733333333334
Lexington Av/63 St,2021,Manhattan,-73.966113,40.764629,6347.2581602373875
Liberty Av,2019,Brooklyn,-73.896548,40.674542,2338.7698630136993
Liberty Av,2020,Brooklyn,-73.896548,40.674542,1055.0694444444443
Liberty Av,2021,Brooklyn,-73.896548,40.674542,1005.492581602374
Livonia Av,2019,Brooklyn,-73.900571,40.664038,2398.692307692308
Livonia Av,2020,Brooklyn,-73.900571,40.664038,1259.9361111111114
Livonia Av,2021,Brooklyn,-73.900571,40.664038,947.8545994065283
Longwood Av,2019,Bronx,-73.896435,40.816104,2646.320547945205
Longwood Av,2020,Bronx,-73.896435,40.816104,1047.0305555555556
Longwood Av,2021,Bronx,-73.896435,40.816104,1337.679640718563
Lorimer St,2019,Brooklyn,-73.950275,40.714063,12975.879452054794
Lorimer St,2019,Brooklyn,-73.947408,40.703869,4838.120547945206
Lorimer St,2020,Brooklyn,-73.950275,40.714063,4830.630555555556
Lorimer St,2020,Brooklyn,-73.947408,40.703869,1973.125
Lorimer St,2021,Brooklyn,-73.950275,40.714063,4414.905044510386
Lorimer St,2021,Brooklyn,-73.947408,40.703869,1699.3827893175073
Marble Hill - 225 St,2019,Manhattan,-73.90983100000003,40.874561,4335.871232876712
Marble Hill - 225 St,2020,Manhattan,-73.90983100000003,40.874561,1974.6861111111111
Marble Hill - 225 St,2021,Manhattan,-73.90983100000003,40.874561,1907.779761904762
Marcy Av,2019,Brooklyn,-73.957757,40.708359,12978.71780821918
Marcy Av,2020,Brooklyn,-73.957757,40.708359,4862.4
Marcy Av,2021,Brooklyn,-73.957757,40.708359,4018.3768545994067
Mets - Willets Point,2019,Queens,-73.845625,40.754622,5834.961643835616
Mets - Willets Point,2020,Queens,-73.845625,40.754622,1014.2722222222222
Mets - Willets Point,2021,Queens,-73.845625,40.754622,2400.890207715133
Middle Village - Metropolitan Av,2019,Queens,-73.889601,40.711396,3063.1726027397267
Middle Village - Metropolitan Av,2020,Queens,-73.889601,40.711396,1455.6861111111111
Middle Village - Metropolitan Av,2021,Queens,-73.889601,40.711396,1531.5252225519291
Middletown Rd,2019,Bronx,-73.836322,40.843863,1698.8626373626373
Middletown Rd,2020,Bronx,-73.836322,40.843863,714.2916666666665
Middletown Rd,2021,Bronx,-73.836322,40.843863,700.7655786350148
Montrose Av,2019,Brooklyn,-73.93985,40.707739,5336.528767123286
Montrose Av,2020,Brooklyn,-73.93985,40.707739,2227.777777777778
Montrose Av,2021,Brooklyn,-73.93985,40.707739,2349.507418397626
Morgan Av,2019,Brooklyn,-73.93314699999998,40.706152,5784.060273972603
Morgan Av,2020,Brooklyn,-73.93314699999998,40.706152,2310.894444444445
Morgan Av,2021,Brooklyn,-73.93314699999998,40.706152,2272.261127596439
Morris Park,2019,Bronx,-73.860495,40.854364,1970.1068493150683
Morris Park,2020,Bronx,-73.860495,40.854364,842.8067226890756
Morris Park,2021,Bronx,-73.860495,40.854364,818.6943620178041
Morrison Av- Sound View,2019,Bronx,-73.874516,40.829521,5441.843835616439
Morrison Av- Sound View,2020,Bronx,-73.874516,40.829521,2671.633333333333
Morrison Av- Sound View,2021,Bronx,-73.874516,40.829521,2605.9881305637978
Mosholu Pkwy,2019,Bronx,-73.88465500000002,40.87975,6902.561643835616
Mosholu Pkwy,2020,Bronx,-73.88465500000002,40.87975,3374.1055555555554
Mosholu Pkwy,2021,Bronx,-73.88465500000002,40.87975,3394.424332344214
Mt Eden Av,2019,Bronx,-73.91468499999998,40.844434,4248.0821917808225
Mt Eden Av,2020,Bronx,-73.91468499999998,40.844434,2173.708333333333
Mt Eden Av,2021,Bronx,-73.91468499999998,40.844434,2167.545994065282
Myrtle - Willoughby Avs,2019,Brooklyn,-73.949046,40.694568,5033.824657534246
Myrtle - Willoughby Avs,2020,Brooklyn,-73.949046,40.694568,2178.5444444444447
Myrtle - Willoughby Avs,2021,Brooklyn,-73.949046,40.694568,1988.0504451038573
Myrtle - Wyckoff Avs,2019,Brooklyn,-73.911586,40.699814,16422.205479452055
Myrtle - Wyckoff Avs,2020,Brooklyn,-73.912385,40.69943,7453.6194444444445
Myrtle - Wyckoff Avs,2021,Brooklyn,-73.912385,40.69943,7383.186943620178
Myrtle Av,2019,Brooklyn,-73.93565699999998,40.697207,10682.350684931507
Myrtle Av,2020,Brooklyn,-73.93565699999998,40.697207,4283.275
Myrtle Av,2021,Brooklyn,-73.93565699999998,40.697207,3604.6913946587542
Nassau Av,2019,Brooklyn,-73.951277,40.724635,8622.109589041096
Nassau Av,2020,Brooklyn,-73.951277,40.724635,3253.536111111111
Nassau Av,2021,Brooklyn,-73.951277,40.724635,3047.792284866469
Neck Rd,2019,Brooklyn,-73.955161,40.595246,3824.5369863013702
Neck Rd,2020,Brooklyn,-73.955161,40.595246,1622.7333333333331
Neck Rd,2021,Brooklyn,-73.955161,40.595246,1585.9584569732938
Neptune Av,2019,Brooklyn,-73.974574,40.581011,1202.2328767123288
Neptune Av,2020,Brooklyn,-73.974574,40.581011,521.4777777777778
Neptune Av,2021,Brooklyn,-73.974574,40.581011,531.8160237388723
Nereid Av,2019,Bronx,-73.854376,40.898379,2789.356164383561
Nereid Av,2020,Bronx,-73.854376,40.898379,1293.4277777777775
Nereid Av,2021,Bronx,-73.854376,40.898379,1373.017804154303
Nevins St,2019,Brooklyn,-73.980492,40.688246,8734.150684931506
Nevins St,2020,Brooklyn,-73.980492,40.688246,3233.4
Nevins St,2021,Brooklyn,-73.980492,40.688246,2965.789317507418
New Lots Av,2019,Brooklyn,-73.899232,40.65873300000001,3560.2318435754187
New Lots Av,2019,Brooklyn,-73.884079,40.666235,4756.791780821918
New Lots Av,2020,Brooklyn,-73.899232,40.65873300000001,1693.341666666667
New Lots Av,2020,Brooklyn,-73.884079,40.666235,2396.4083333333333
New Lots Av,2021,Brooklyn,-73.899232,40.65873300000001,1622.940652818991
New Lots Av,2021,Brooklyn,-73.884079,40.666235,2206.893175074184
Newkirk Av,2019,Brooklyn,-73.948411,40.639967,5979.972602739726
Newkirk Av,2020,Brooklyn,-73.948411,40.639967,2845.1305555555555
Newkirk Av,2021,Brooklyn,-73.948411,40.639967,2809.1928783382787
Newkirk Plaza,2019,Brooklyn,-73.962793,40.635082,9046.91506849315
Newkirk Plaza,2020,Brooklyn,-73.962793,40.635082,3774.2722222222224
Newkirk Plaza,2021,Brooklyn,-73.962793,40.635082,3908.575667655786
Northern Blvd,2019,Queens,-73.906006,40.752885,5602.282191780821
Northern Blvd,2020,Queens,-73.906006,40.752885,2470.95
Northern Blvd,2021,Queens,-73.906006,40.752885,2528.643916913947
Norwood - 205 St,2019,Bronx,-73.878855,40.874811,7330.391780821918
Norwood - 205 St,2020,Bronx,-73.878855,40.874811,3579.7833333333333
Norwood - 205 St,2021,Bronx,-73.878855,40.874811,3300.830860534125
Norwood Av,2019,Brooklyn,-73.880039,40.68141,2629.843835616439
Norwood Av,2020,Brooklyn,-73.880039,40.68141,1256.986111111111
Norwood Av,2021,Brooklyn,-73.880039,40.68141,1152.5845697329378
Nostrand Av,2019,Brooklyn,-73.950466,40.669847,3831.4242424242425
Nostrand Av,2019,Brooklyn,-73.95042600000002,40.680438,15587.315068493152
Nostrand Av,2020,Brooklyn,-73.950466,40.669847,1412.4333333333334
Nostrand Av,2020,Brooklyn,-73.95042600000002,40.680438,5827.552777777778
Nostrand Av,2021,Brooklyn,-73.950466,40.669847,1398.1691394658753
Nostrand Av,2021,Brooklyn,-73.95042600000002,40.680438,5707.857566765579
Ocean Pkwy,2019,Brooklyn,-73.968501,40.576312,2892.3186813186812
Ocean Pkwy,2020,Brooklyn,-73.968501,40.576312,1299.111111111111
Ocean Pkwy,2021,Brooklyn,-73.968501,40.576312,1355.1513353115727
Ozone Park - Lefferts Blvd,2019,Queens,-73.82579799999998,40.685951,6288.1041095890405
Ozone Park - Lefferts Blvd,2020,Queens,-73.82579799999998,40.685951,3002.780555555556
Ozone Park - Lefferts Blvd,2021,Queens,-73.82579799999998,40.685951,2912.8278931750738
Park Pl,2019,Brooklyn,-73.957624,40.674772,1435.8657534246577
Park Pl,2019,Manhattan,-74.008811,40.713051,57657.03287671232
Park Pl,2020,Brooklyn,-73.957624,40.674772,583.6583333333333
Park Pl,2021,Brooklyn,-73.957624,40.674772,584.0059347181009
Parkchester,2019,Bronx,-73.860816,40.833226,13176.241095890413
Parkchester,2020,Bronx,-73.860816,40.833226,5917.963888888889
Parkchester,2021,Bronx,-73.860816,40.833226,5707.112759643917
Parkside Av,2019,Brooklyn,-73.961495,40.655292,5406.317808219178
Parkside Av,2020,Brooklyn,-73.961495,40.655292,2368.2527777777773
Parkside Av,2021,Brooklyn,-73.961495,40.655292,2397.246290801187
Parsons Blvd,2019,Queens,-73.803326,40.707564,5847.046575342466
Parsons Blvd,2020,Queens,-73.803326,40.707564,3066.8611111111113
Parsons Blvd,2021,Queens,-73.803326,40.707564,2802.5430267062325
Pelham Bay Park,2019,Bronx,-73.828121,40.852462,6079.6
Pelham Bay Park,2020,Bronx,-73.828121,40.852462,2724.0444444444447
Pelham Bay Park,2021,Bronx,-73.828121,40.852462,2630.824925816024
Pelham Pkwy,2019,Bronx,-73.867615,40.857192,7349.564383561645
Pelham Pkwy,2019,Bronx,-73.85535899999998,40.858985,2498.3835616438355
Pelham Pkwy,2020,Bronx,-73.867615,40.857192,3280.0916666666667
Pelham Pkwy,2020,Bronx,-73.85535899999998,40.858985,1095.849582172702
Pelham Pkwy,2021,Bronx,-73.867615,40.857192,3429.2967359050444
Pelham Pkwy,2021,Bronx,-73.85535899999998,40.858985,1022.9101796407184
Pennsylvania Av,2019,Brooklyn,-73.89489499999998,40.664635,3815.9753424657533
Pennsylvania Av,2020,Brooklyn,-73.89489499999998,40.664635,1863.975
Pennsylvania Av,2021,Brooklyn,-73.89489499999998,40.664635,1811.7982195845693
President St,2019,Brooklyn,-73.950683,40.667883,2896.5945205479447
President St,2020,Brooklyn,-73.950683,40.667883,1224.6361111111114
President St,2021,Brooklyn,-73.950683,40.667883,1286.973134328358
Prince St,2019,Manhattan,-73.997702,40.724329,11961.019178082192
Prince St,2020,Manhattan,-73.997702,40.724329,3175.666666666666
Prince St,2021,Manhattan,-73.997702,40.724329,3327.3115727002973
Prospect Av,2019,Brooklyn,-73.99287199999998,40.665414,4901.704109589041
Prospect Av,2019,Bronx,-73.90177,40.819585,5951.7095890410965
Prospect Av,2020,Brooklyn,-73.99287199999998,40.665414,1863.7388888888888
Prospect Av,2020,Bronx,-73.90177,40.819585,2744.644444444445
Prospect Av,2021,Brooklyn,-73.99287199999998,40.665414,1953.6824925816024
Prospect Av,2021,Bronx,-73.90177,40.819585,2695.3501483679524
Prospect Park,2019,Brooklyn,-73.962246,40.661614,9243.550684931506
Prospect Park,2020,Brooklyn,-73.962246,40.661614,3463.655555555556
Prospect Park,2021,Brooklyn,-73.962246,40.661614,3621.127596439169
Queens Plaza,2019,Queens,-73.93724300000002,40.748973,12109.145205479454
Queens Plaza,2020,Queens,-73.93724300000002,40.748973,3924.0916666666662
Queens Plaza,2021,Queens,-73.93724300000002,40.748973,3428.06231454006
Queensboro Plaza,2019,Queens,-73.940202,40.750582,13901.320547945204
Queensboro Plaza,2020,Queens,-73.940202,40.750582,4831.102777777778
Queensboro Plaza,2021,Queens,-73.940202,40.750582,4636.06528189911
Ralph Av,2019,Brooklyn,-73.92078599999998,40.678822,5086.254794520548
Ralph Av,2020,Brooklyn,-73.92078599999998,40.678822,2196.222222222222
Ralph Av,2021,Brooklyn,-73.92078599999998,40.678822,1980.7240356083087
Rector St,2019,Manhattan,-74.01378299999998,40.707513,7242.153424657534
Rector St,2019,Manhattan,-74.01334200000002,40.70722,5584.0109589041085
Rector St,2020,Manhattan,-74.01378299999998,40.707513,1856.7666666666669
Rector St,2020,Manhattan,-74.01334200000002,40.70722,1605.8277777777778
Rector St,2021,Manhattan,-74.01378299999998,40.707513,1720.0890207715133
Rector St,2021,Manhattan,-74.01334200000002,40.70722,1349.9525222551931
Rockaway Av,2019,Brooklyn,-73.911946,40.67834000000001,4978.005479452055
Rockaway Av,2019,Brooklyn,-73.908946,40.662549,4072.893150684932
Rockaway Av,2020,Brooklyn,-73.911946,40.67834000000001,2101.891061452514
Rockaway Av,2020,Brooklyn,-73.908946,40.662549,2020.9916666666666
Rockaway Av,2021,Brooklyn,-73.911946,40.67834000000001,1908.4302670623144
Rockaway Av,2021,Brooklyn,-73.908946,40.662549,1913.3204747774482
Rockaway Blvd,2019,Queens,-73.843853,40.680429,6464.969863013699
Rockaway Blvd,2020,Queens,-73.843853,40.680429,2957.5944444444444
Rockaway Blvd,2021,Queens,-73.843853,40.680429,2978.364985163205
Rockaway Park - Beach 116 St,2019,Queens,-73.835592,40.580903,663.1972602739726
Rockaway Park - Beach 116 St,2020,Queens,-73.835592,40.580903,334.725
Rockaway Park - Beach 116 St,2021,Queens,-73.835592,40.580903,304.29376854599406
Roosevelt Island,2019,Manhattan,-73.95326,40.759145,6547.860273972603
Roosevelt Island,2020,Manhattan,-73.95326,40.759145,2409.586111111111
Roosevelt Island,2021,Manhattan,-73.95326,40.759145,2726.195845697329
Saratoga Av,2019,Brooklyn,-73.916327,40.661453,4364.7479452054795
Saratoga Av,2020,Brooklyn,-73.916327,40.661453,2195.427777777778
Saratoga Av,2021,Brooklyn,-73.916327,40.661453,2099.2433234421364
Seneca Av,2019,Queens,-73.90774,40.702762,2977.07397260274
Seneca Av,2020,Queens,-73.90774,40.702762,1308.75
Seneca Av,2021,Queens,-73.90774,40.702762,1030.893175074184
Sheepshead Bay,2019,Brooklyn,-73.954155,40.586896,11607.9010989011
Sheepshead Bay,2020,Brooklyn,-73.954155,40.586896,4925.35
Sheepshead Bay,2021,Brooklyn,-73.954155,40.586896,4805.6350148367965
Shepherd Av,2019,Brooklyn,-73.88075,40.67413,2750.342465753425
Shepherd Av,2020,Brooklyn,-73.88075,40.67413,1242.3777777777775
Shepherd Av,2021,Brooklyn,-73.88075,40.67413,1161.946587537092
Simpson St,2019,Bronx,-73.893064,40.824073,7223.627397260273
Simpson St,2020,Bronx,-73.893064,40.824073,3303.305555555556
Simpson St,2021,Bronx,-73.893064,40.824073,3318.786350148368
Smith - 9 Sts,2019,Brooklyn,-73.995959,40.67358,3978.008219178082
Smith - 9 Sts,2020,Brooklyn,-73.995959,40.67358,1683.8305555555555
Smith - 9 Sts,2021,Brooklyn,-73.995959,40.67358,1603.2522255192878
South Ferry,2020,Manhattan,-74.013664,40.702068,8317.588888888891
South Ferry,2021,Manhattan,-74.013664,40.702068,7849.504451038575
Spring St,2019,Manhattan,-74.003739,40.726227,12183.624657534248
Spring St,2019,Manhattan,-73.997141,40.722301,10088.183561643835
Spring St,2020,Manhattan,-74.003739,40.726227,3534.0055555555555
Spring St,2020,Manhattan,-73.997141,40.722301,2767.725
Spring St,2021,Manhattan,-74.003739,40.726227,3209.744807121662
Spring St,2021,Manhattan,-73.997141,40.722301,2903.7626112759644
St George,2019,Staten Island,-74.073643,40.643748,10501.331506849316
St George,2020,Staten Island,-74.073643,40.643748,3341.0472222222224
St George,2021,Staten Island,-74.073643,40.643748,3124.919881305638
St Lawrence Av,2019,Bronx,-73.86761800000002,40.831509,3531.3835616438355
St Lawrence Av,2020,Bronx,-73.86761800000002,40.831509,1708.2972222222222
St Lawrence Av,2021,Bronx,-73.86761800000002,40.831509,1658.186943620178
Steinway St,2019,Queens,-73.92074000000002,40.756879,12978.205479452055
Steinway St,2020,Queens,-73.92074000000002,40.756879,4732.855555555556
Steinway St,2021,Queens,-73.92074000000002,40.756879,4636.356083086052
Sterling St,2019,Brooklyn,-73.95085,40.662742,4597.58904109589
Sterling St,2020,Brooklyn,-73.95085,40.662742,2020.6194444444445
Sterling St,2021,Brooklyn,-73.95085,40.662742,2069.8575667655787
Sutphin Blvd,2019,Queens,-73.81070799999998,40.70546,3779.5344352617076
Sutphin Blvd,2020,Queens,-73.81070799999998,40.70546,1944.030555555556
Sutphin Blvd,2021,Queens,-73.81070799999998,40.70546,1729.0890207715133
Sutphin Blvd - Archer Av - JFK Airport,2019,Queens,-73.807969,40.700486,20424.63287671233
Sutphin Blvd - Archer Av - JFK Airport,2020,Queens,-73.807969,40.700486,8027.127777777779
Sutphin Blvd - Archer Av - JFK Airport,2021,Queens,-73.807969,40.700486,9166.72106824926
Sutter Av,2019,Brooklyn,-73.901975,40.669367,2920.5808219178084
Sutter Av,2020,Brooklyn,-73.901975,40.669367,1350.8638888888886
Sutter Av,2021,Brooklyn,-73.901975,40.669367,1267.1246290801187
Sutter Av - Rutland Rd,2019,Brooklyn,-73.92260999999998,40.664717,5759.225988700565
Sutter Av - Rutland Rd,2020,Brooklyn,-73.92260999999998,40.664717,2738.016666666667
Sutter Av - Rutland Rd,2021,Brooklyn,-73.92260999999998,40.664717,2584.116417910448
Times Sq - 42 St,2019,Manhattan,-73.987691,40.755477,179732.50684931508
Times Sq - 42 St,2020,Manhattan,-73.987691,40.755477,53251.211111111115
Times Sq - 42 St,2021,Manhattan,-73.987691,40.755477,49486.890207715136
Tompkinsville,2019,Staten Island,-74.074835,40.636949,592.6164383561644
Tompkinsville,2020,Staten Island,-74.074835,40.636949,254.82729805013926
Tompkinsville,2021,Staten Island,-74.074835,40.636949,291.37014925373137
Tremont Av,2019,Bronx,-73.905227,40.85041,8444.994520547945
Tremont Av,2020,Bronx,-73.905227,40.85041,3880.4083333333333
Tremont Av,2021,Bronx,-73.905227,40.85041,3618.765578635015
Union Sq - 14 St,2020,Manhattan,-73.99073,40.734789,28049.95555555556
Union Sq - 14 St,2021,Manhattan,-73.99073,40.734789,26232.545994065284
Union St,2019,Brooklyn,-73.98311,40.677316,6287.249315068492
Union St,2020,Brooklyn,-73.98311,40.677316,2245.5027777777773
Union St,2021,Brooklyn,-73.98311,40.677316,2318.089020771513
Utica Av,2019,Brooklyn,-73.930729,40.679364,14270.210958904108
Utica Av,2020,Brooklyn,-73.930729,40.679364,5710.969444444445
Utica Av,2021,Brooklyn,-73.930729,40.679364,5167.139465875371
Van Cortlandt Park - 242 St,2019,Bronx,-73.898583,40.889248,6161.657534246576
Van Cortlandt Park - 242 St,2020,Bronx,-73.898583,40.889248,2724.25
Van Cortlandt Park - 242 St,2021,Bronx,-73.898583,40.889248,2848.124629080119
Van Siclen Av,2019,Brooklyn,-73.891688,40.678024,2216.8093922651933
Van Siclen Av,2019,Brooklyn,-73.89035799999998,40.67271,2580.9890410958906
Van Siclen Av,2019,Brooklyn,-73.889395,40.665449,2383.1369863013697
Van Siclen Av,2020,Brooklyn,-73.891688,40.678024,1149.2555555555555
Van Siclen Av,2020,Brooklyn,-73.89035799999998,40.67271,1213.7888888888888
Van Siclen Av,2020,Brooklyn,-73.889395,40.665449,1145.8361111111112
Van Siclen Av,2021,Brooklyn,-73.891688,40.678024,1118.287833827893
Van Siclen Av,2021,Brooklyn,-73.89035799999998,40.67271,1097.4243323442136
Van Siclen Av,2021,Brooklyn,-73.889395,40.665449,1030.062314540059
Vernon Blvd - Jackson Av,2019,Queens,-73.953581,40.742626,12819.18630136986
Vernon Blvd - Jackson Av,2020,Queens,-73.953581,40.742626,4696.088888888889
Vernon Blvd - Jackson Av,2021,Queens,-73.953581,40.742626,4372.281899109792
W 4 St,2019,Manhattan,-74.000495,40.732338,38751.39178082192
W 4 St,2020,Manhattan,-74.000495,40.732338,11625.563888888892
W 4 St,2021,Manhattan,-74.000495,40.732338,11083.00296735905
W 8 St - NY Aquarium,2019,Brooklyn,-73.975939,40.576127,2317.8383561643836
W 8 St - NY Aquarium,2020,Brooklyn,-73.975939,40.576127,886.3805555555556
W 8 St - NY Aquarium,2021,Brooklyn,-73.975939,40.576127,1000.9436201780417
WTC Cortlandt,2019,Manhattan,-74.012188,40.711835,11778.016438356164
WTC Cortlandt,2020,Manhattan,-74.012188,40.711835,2942.758333333333
WTC Cortlandt,2021,Manhattan,-74.012188,40.711835,2654.0118694362022
Wakefield - 241 St,2019,Bronx,-73.85061999999998,40.903125,4058.778082191781
Wakefield - 241 St,2020,Bronx,-73.85061999999998,40.903125,2108.425
Wakefield - 241 St,2021,Bronx,-73.85061999999998,40.903125,2148.13056379822
Wall St,2019,Manhattan,-74.011862,40.707557,15451.054945054944
Wall St,2019,Manhattan,-74.0091,40.70682100000001,19205.73698630137
Wall St,2020,Manhattan,-74.011862,40.707557,4346.9
Wall St,2020,Manhattan,-74.0091,40.70682100000001,5493.791666666667
Wall St,2021,Manhattan,-74.011862,40.707557,3492.323442136499
Wall St,2021,Manhattan,-74.0091,40.70682100000001,3982.786350148368
West Farms Sq - E Tremont Av,2019,Bronx,-73.880049,40.84029500000001,5859.049315068492
West Farms Sq - E Tremont Av,2020,Bronx,-73.880049,40.84029500000001,2566.725
West Farms Sq - E Tremont Av,2021,Bronx,-73.880049,40.84029500000001,2567.86350148368
Westchester Sq - E Tremont Av,2019,Bronx,-73.842952,40.839892,5018.4602739726015
Westchester Sq - E Tremont Av,2020,Bronx,-73.842952,40.839892,2303.705555555556
Westchester Sq - E Tremont Av,2021,Bronx,-73.842952,40.839892,2281.213649851632
Whitehall St,2019,Manhattan,-74.01299399999998,40.703087,28835.47397260274
Whitlock Av,2019,Bronx,-73.88628299999998,40.826525,1621.7506849315066
Whitlock Av,2020,Bronx,-73.88628299999998,40.826525,823.4333333333333
Whitlock Av,2021,Bronx,-73.88628299999998,40.826525,792.3204747774481
Wilson Av,2019,Brooklyn,-73.904046,40.688764,3599.9150684931506
Wilson Av,2020,Brooklyn,-73.904046,40.688764,1616.333333333333
Wilson Av,2021,Brooklyn,-73.904046,40.688764,1643.3827893175073
Winthrop St,2019,Brooklyn,-73.9502,40.656652,5244.863013698629
Winthrop St,2020,Brooklyn,-73.9502,40.656652,2652.444444444445
Winthrop St,2021,Brooklyn,-73.9502,40.656652,2734.464285714286
Woodhaven Blvd,2019,Queens,-73.869229,40.733106,17630.2
Woodhaven Blvd,2019,Queens,-73.851576,40.693879,3726.8324175824177
Woodhaven Blvd,2020,Queens,-73.869229,40.733106,7134.991666666668
Woodhaven Blvd,2020,Queens,-73.851576,40.693879,1884.513888888889
Woodhaven Blvd,2021,Queens,-73.869229,40.733106,7634.319402985075
Woodhaven Blvd,2021,Queens,-73.851576,40.693879,1855.577049180328
Woodlawn,2019,Bronx,-73.878751,40.886037,5877.216438356165
Woodlawn,2020,Bronx,-73.878751,40.886037,2640.102777777777
Woodlawn,2021,Bronx,-73.878751,40.886037,2918.9614243323435
Woodside - 61 St,2019,Queens,-73.902984,40.74563,14946.148760330578
Woodside - 61 St,2020,Queens,-73.902984,40.74563,6449.266666666666
Woodside - 61 St,2021,Queens,-73.902984,40.74563,7096.3827893175085
York St,2019,Brooklyn,-73.986751,40.701397,10802.742465753425
York St,2020,Brooklyn,-73.986751,40.701397,3368.133333333333
York St,2021,Brooklyn,-73.986751,40.701397,2992.7299703264093
Zerega Av,2019,Bronx,-73.847036,40.836488,2220.764383561644
Zerega Av,2020,Bronx,-73.847036,40.836488,963.9722222222223
Zerega Av,2021,Bronx,-73.847036,40.836488,943.1513353115728
